"LM1 Nasal, anterior, midline",7.8985,-16.5888,-24.0069
"LM2 Nasal-frontal suture, midline",-2.0403,-16.9381,-26.7717
"LM3 frontal-parietal suture, midline",-11.3535,-16.8273,-29.0017
"LM4 External occipital protuberance, nuchal crest, midline",-18.7989,-14.9793,-29.0274
"LM5 Dorsal lip of foramen magnum, midline",-20.0131,-12.6525,-26.8917
"LM6 Ventral lip of foramen magnum, midline",-16.8754,-10.3601,-23.5969
LM7 Midline point on the concave transition between the occipital condyle and the basioccipital,-16.4392,-10.5117,-23.6605
"LM8 Palatine, posterior, midline",-5.2443,-12.7293,-23.232
LM9 Medial point of the most posterior side of the incisive foramina,4.2887,-14.8079,-23.1437
LM10 Midline point on the premaxilla at the inferior tip of the bony septum between the upper central incisors,9.8739,-15.0597,-21.9679
"LM11 R Nasal-premaxillary suture, anterior (on nasal)",9.2499,-15.5722,-24.3095
"LM12 L Nasal-premaxillary suture, anterior (on nasal)",8.9175,-17.2535,-22.5473
LM13 R Maximum concavity on anterior of premaxillary,9.6778,-14.394,-23.2077
LM14 L Maximum concavity on anterior of premaxillary,9.4029,-15.9967,-21.5235
"LM15 R Premaxillary-maxillary suture, anterior, lateral end",8.0843,-13.5702,-23.8616
"LM16 L Premaxillary-maxillary suture, anterior, lateral end",7.3883,-16.4024,-21.0601
"LM17 R Premaxillary-maxillary suture, posterior end in dorsal view",3.5255,-15.8896,-26.1679
"LM18 L Premaxillary-maxillary suture, posterior end in dorsal view",3.1422,-17.6396,-24.4742
LM19 R Frontal-maxillary-nasal intersection,-0.3393,-15.3712,-27.8295
LM20 L Frontal-maxillary-nasal intersection,-1.1438,-18.5095,-24.7271
LM21 R Frontal-maxillary-lacrimal intersection,-1.5246,-14.4085,-28.781
LM22 L Frontal-maxillary-lacrimal intersection,-2.7916,-19.0989,-24.2929
"LM23 R Frontolacrimal suture, on postorbital process, dorsal",-3.1798,-13.7059,-29.3758
"LM24 L Frontolacrimal suture, on postorbital process, dorsal",-4.7891,-19.1566,-24.1493
LM25 R Most posterio-distal point in upper canine neck,6.1064,-12.9132,-24.2399
LM26 L Most posterio-distal point in upper canine neck,5.3387,-16.553,-21.0518
LM27 R Most antero-distal point in upper first molar neck,2.8688,-11.3903,-24.7252
LM28 L Most antero-distal point in upper first molar neck,1.712,-16.1663,-20.1844
LM29 R Most ventral point of infraorbital foramen,1.7389,-11.3942,-25.4674
LM30 R Most dorsal point of infraorbital foramen,0.815,-11.5706,-26.9484
LM31 L Most ventral point of infraorbital foramen,0.6309,-16.5695,-20.4875
LM32 L Most dorsal point of infraorbital foramen,-0.496,-17.8619,-21.2069
LM33 R Most anterior point in antero-ventral lacrimal foramen,-0.442,-11.4913,-28.2542
LM34 R Most posterior point in antero-ventral lacrimal foramen,-1.5671,-11.4601,-28.4564
LM35 L Most anterior point in antero-ventral lacrimal foramen,-2.2404,-18.7184,-21.2896
LM36 L Most posterior point in antero-ventral lacrimal foramen,-3.1635,-18.702,-21.3848
LM37 R Most posterior point in fourth molar neck,-3.503,-9.6527,-25.3376
LM38 L Most posterior point in fourth molar neck,-4.7058,-15.2655,-19.9918
LM39 R Most posterior point in the jugal-maxillary suture (zygomatic arch),-2.9351,-9.1832,-26.374
LM40 L Most posterior point in the jugal-maxillary suture (zygomatic arch),-4.5589,-16.4199,-19.6141
LM41 R Most lateral point in the jugular-maxillary suture,-1.9575,-9.0437,-26.5955
LM42 L Most lateral point in the jugular-maxillary suture,-3.9855,-16.8231,-19.0538
"LM43 R Maximum concavity in the posterio-ventral side of zygomatic arch, in alisphenoid",-10.4501,-8.6218,-28.3731
"LM44 L Maximum concavity in the posterio-ventral side of zygomatic arch, in alisphenoid",-12.4305,-16.5108,-20.7161
"LM45 R Postglenoid process, ventral",-11.8627,-7.1339,-28.4183
"LM46 L Postglenoid process, ventral",-14.0718,-16.4501,-19.4919
"LM47 R Suprameatal foramen, anterior",-14.0116,-8.0628,-29.1472
"LM48 R Suprameatal foramen, posterior",-15.186,-8.012,-29.0766
"LM49 L Suprameatal foramen, anterior",-15.7956,-16.4792,-20.829
"LM50 L Suprameatal foramen, posterior",-16.8527,-16.2214,-21.4332
"LM51 R Posttympanic process, maximum distal convexity",-14.7777,-7.018,-28.8317
"LM52 L Posttympanic process, maximum distal convexity",-16.9396,-15.9482,-20.1922
LM53 R Supraoccipital-petrosal-squamosal intersection on nuchal crest,-18.0683,-10.2014,-29.5125
LM54 L Supraoccipital-petrosal-squamosal intersection on nuchal crest,-19.439,-15.7515,-23.8627
LM55 R Maximum concavity in distal of foramen magnum (most dorso-mesial point in occipital condyle),-18.9103,-9.5633,-27.3479
LM56 L Maximum concavity in distal of foramen magnum (most dorso-mesial point in occipital condyle),-19.9272,-13.4819,-23.5674
LM57 R Most dorsal point of the occipital condyle,-18.5293,-9.4068,-27.8833
LM58 L Most dorsal point of the occipital condyle,-19.6909,-13.9962,-23.3897
"LM59 R Paracondylar process of the exoccipital, ventral",-16.7038,-7.4993,-26.1316
"LM60 L Paracondylar process of the exoccipital, ventral",-18.2144,-13.0411,-21.1104
LM61 R Most mesial point in hypoglossal foramen,-16.3724,-9.3662,-25.0804
LM62 L Most mesial point in hypoglossal foramen,-17.1403,-12.081,-22.563
LM63 R Most anterior point in jugular foramen,-15.8003,-8.9025,-25.3432
LM64 L Most anterior point in jugular foramen,-16.4151,-12.2729,-22.0831
LM65 R Most anterior point of the basioccipital,-13.5466,-10.2087,-24.2
LM66 L Most anterior point of the basioccipital,-13.864,-11.6861,-22.7466
LM67 R Most posterior point in foramen ovale,-11.5742,-10.4069,-24.8281
LM68 L Most posterior point in foramen ovale,-12.0726,-12.7937,-22.5557
LM69 R Most anterior point in foramen ovale,-10.9165,-10.5708,-24.7716
LM70 L Most anterior point in foramen ovale,-11.3147,-12.8799,-22.6597
LM71 R Most posterior point of the pterygoid hamulus,-10.2899,-10.0623,-25.3962
LM72 L Most posterior point of the pterygoid hamulus,-11.2805,-13.6836,-21.8933
"LM73 R Postpalatine torus, distal",-5.1907,-10.7443,-24.4917
"LM74 L Postpalatine torus, distal",-5.9089,-14.0357,-21.5464
"LM75 R Major palatine foramen, posterior",-3.5723,-12.6602,-24.451
"LM76 L Major palatine foramen, posterior",-3.9456,-14.1903,-22.8363
"LM77 R Major palatine foramen, anterior",3.2496,-13.7533,-23.7889
"LM78 L Major palatine foramen, anterior",2.9677,-15.3754,-22.3021
"LM79 R Incisive foramen, posterior",4.4409,-13.8368,-23.742
"LM80 L Incisive foramen, posterior",4.0923,-15.4666,-22.3648
"LM81 R Incisive foramen, anterior",8.7084,-14.5593,-22.3135
"LM82 L Incisive foramen, anterior",8.6367,-15.0392,-21.832
"CUR LM1 to LM11, anterior nasal (1)",8.4595,-15.9983,-24.3632
"CUR LM11 to LM13, anterior premaxillary (3) 1",9.5727,-15.1394,-24.129
"CUR LM11 to LM13, anterior premaxillary (3) 2",9.714,-14.8739,-23.8449
"CUR LM11 to LM13, anterior premaxillary (3) 3",9.7972,-14.6784,-23.5228
"CUR LM13 to LM10, anterior edge of premaxillary (3) 1",9.7576,-14.497,-22.835
"CUR LM13 to LM10, anterior edge of premaxillary (3) 2",9.9384,-14.7381,-22.5858
"CUR LM13 to LM10, anterior edge of premaxillary (3) 3",9.9632,-14.9405,-22.2731
"CUR LM10 to LM14, anterior edge of premaxillary (3) 1",9.9396,-15.293,-21.7421
"CUR LM10 to LM14, anterior edge of premaxillary (3) 2",9.8031,-15.544,-21.6216
"CUR LM10 to LM14, anterior edge of premaxillary (3) 3",9.6502,-15.7691,-21.5384
"CUR LM14 to LM12, anterior premaxillary (3) 1",9.4063,-16.4183,-21.7035
"CUR LM14 to LM12, anterior premaxillary (3) 2",9.4014,-16.7398,-21.9875
"CUR LM14 to LM12, anterior premaxillary (3) 3",9.2639,-17.0402,-22.2663
"CUR LM12 to LM1, anterior nasal (1)",8.3898,-17.1002,-23.2641
"CUR LM1 to LM2, midline, nasal suture (8) 1",6.8485,-16.698,-24.3575
"CUR LM1 to LM2, midline, nasal suture (8) 2",5.7597,-16.7658,-24.716
"CUR LM1 to LM2, midline, nasal suture (8) 3",4.6786,-16.8146,-25.0864
"CUR LM1 to LM2, midline, nasal suture (8) 4",3.5812,-16.8822,-25.4043
"CUR LM1 to LM2, midline, nasal suture (8) 5",2.5047,-16.9009,-25.7005
"CUR LM1 to LM2, midline, nasal suture (8) 6",1.3821,-16.9149,-25.9934
"CUR LM1 to LM2, midline, nasal suture (8) 7",0.2717,-16.9297,-26.2506
"CUR LM1 to LM2, midline, nasal suture (8) 8",-0.8378,-16.9113,-26.4832
"CUR LM11 to LM17, nasal-premaxillary suture (3) 1",7.8447,-15.8033,-24.8468
"CUR LM11 to LM17, nasal-premaxillary suture (3) 2",6.3899,-15.8911,-25.2571
"CUR LM11 to LM17, nasal-premaxillary suture (3) 3",4.9616,-15.8902,-25.7206
"CUR LM12 to LM18, nasal premaxillary suture (3) 1",7.441,-17.4283,-23.2744
"CUR LM12 to LM18, nasal premaxillary suture (3) 2",5.8508,-17.4747,-23.802
"CUR LM12 to LM18, nasal premaxillary suture (3) 3",4.3582,-17.5539,-24.2518
"CUR LM17 to LM19, nasal-maxillary suture (3) 1",2.562,-15.8086,-26.5136
"CUR LM17 to LM19, nasal-maxillary suture (3) 2",1.5596,-15.6999,-26.9242
"CUR LM17 to LM19, nasal-maxillary suture (3) 3",0.5977,-15.553,-27.3563
"CUR LM18 to LM20, nasal-maxillary suture (3) 1",2.0654,-17.7468,-24.6655
"CUR LM18 to LM20, nasal-maxillary suture (3) 2",0.9927,-17.9293,-24.7742
"CUR LM18 to LM20, nasal-maxillary suture (3) 3",-0.0725,-18.2339,-24.7391
"CUR LM10 to LM15, anterio-ventral edge of premaxillary (3) 1",9.9027,-14.587,-22.4481
"CUR LM10 to LM15, anterio-ventral edge of premaxillary (3) 2",9.6941,-14.1496,-22.9209
"CUR LM10 to LM15, anterio-ventral edge of premaxillary (3) 3",9.189,-13.7882,-23.219
"CUR LM10 to LM15, anterio-ventral edge of premaxillary (3) 4",8.641,-13.5682,-23.5058
"CUR LM10 to LM16, anterio-ventral edge of premaxillary (3) 1",9.7896,-15.505,-21.4757
"CUR LM10 to LM16, anterio-ventral edge of premaxillary (3) 2",9.3013,-15.8739,-21.164
"CUR LM10 to LM16, anterio-ventral edge of premaxillary (3) 3",8.7247,-16.1437,-21.0334
"CUR LM10 to LM16, anterio-ventral edge of premaxillary (3) 4",8.0581,-16.2665,-20.9542
"CUR LM19 to LM2, nasal-frontal suture (3) 1",-0.8484,-15.8758,-27.6724
"CUR LM19 to LM2, nasal-frontal suture (3) 2",-1.515,-16.2226,-27.5322
"CUR LM19 to LM2, nasal-frontal suture (3) 3",-2.0077,-16.5001,-27.268
"CUR LM20 to LM2, nasal-frontal suture (3) 1",-1.4946,-18.3345,-25.3174
"CUR LM20 to LM2, nasal-frontal suture (3) 2",-1.8897,-18.028,-25.8429
"CUR LM20 to LM2, nasal-frontal suture (3) 3",-2.2634,-17.5696,-26.305
"CUR LM19 to LM21, frontal-maxillary suture (1) 1",-0.8246,-15.1617,-28.1198
"CUR LM19 to LM21, frontal-maxillary suture (1) 2",-1.2423,-14.8758,-28.4497
"CUR LM20 to LM22, frontal-maxillary suture (1) 1",-1.7137,-18.6599,-24.7327
"CUR LM20 to LM22, frontal-maxillary suture (1) 2",-2.3061,-18.8808,-24.6045
"CUR LM21 to LM23, frontal-lacrimal suture (1) 1",-2.0738,-14.2049,-29.0941
"CUR LM21 to LM23, frontal-lacrimal suture (1) 2",-2.6458,-14.0172,-29.2914
"CUR LM22 to LM24, frontal-lacrimal suture (1) 1",-3.4937,-19.2067,-24.4364
"CUR LM22 to LM24, frontal-lacrimal suture (1) 2",-4.2057,-19.2689,-24.3963
"CUR LM23 to LM34, postorbital process, edge of lacrimal (5) 1",-2.7411,-13.3357,-29.3812
"CUR LM23 to LM34, postorbital process, edge of lacrimal (5) 2",-2.3202,-12.9856,-29.3403
"CUR LM23 to LM34, postorbital process, edge of lacrimal (5) 3",-1.9372,-12.6217,-29.2618
"CUR LM23 to LM34, postorbital process, edge of lacrimal (5) 4",-1.5815,-12.1962,-29.2352
"CUR LM23 to LM34, postorbital process, edge of lacrimal (5) 5",-1.4005,-11.8193,-28.8972
"CUR LM24 to LM36, postorbital process, edge of lacrimal (5) 1",-4.4394,-19.2252,-23.6552
"CUR LM24 to LM36, postorbital process, edge of lacrimal (5) 2",-4.0098,-19.3294,-23.257
"CUR LM24 to LM36, postorbital process, edge of lacrimal (5) 3",-3.583,-19.3765,-22.8391
"CUR LM24 to LM36, postorbital process, edge of lacrimal (5) 4",-3.2586,-19.4433,-22.3549
"CUR LM24 to LM36, postorbital process, edge of lacrimal (5) 5",-3.1513,-19.1296,-21.8615
"CUR LM15 to LM25, ventro-distal maxillary edge (3) 1",7.5844,-13.4208,-24.0331
"CUR LM15 to LM25, ventro-distal maxillary edge (3) 2",7.0941,-13.2567,-24.1796
"CUR LM15 to LM25, ventro-distal maxillary edge (3) 3",6.5844,-13.0778,-24.2707
"CUR LM25 to LM27, ventro-distal maxillary edge (1) 1",4.9461,-12.5931,-24.3017
"CUR LM25 to LM27, ventro-distal maxillary edge (1) 2",3.9025,-12.0668,-24.4728
"CUR LM27 to LM37, ventro-distal maxillary edge (3) 1",1.6644,-10.6162,-24.9797
"CUR LM27 to LM37, ventro-distal maxillary edge (3) 2",0.3944,-10.0555,-25.2688
"CUR LM27 to LM37, ventro-distal maxillary edge (3) 3",-0.9844,-9.5273,-25.5309
"CUR LM27 to LM37, ventro-distal maxillary edge (3) 4",-2.2774,-9.1346,-25.6605
"CUR LM37 to LM39, along most posterior ridge of maxillary (1) 1",-3.3564,-9.536,-25.7224
"CUR LM37 to LM39, along most posterior ridge of maxillary (1) 2",-3.1553,-9.3936,-26.0538
"CUR LM29 to LM 30, distal width of infraorbital foramen (1)",1.0182,-10.9909,-26.0582
"CUR LM30 to LM 29, proximal width of infraorbital foramen (1)",1.426,-11.9259,-26.0405
"CUR LM33 to LM34, ventral width of antero-ventral lacrimal foramen (1)",-0.9749,-11.2204,-28.2001
"CUR LM34 to LM33, dorsal width of antero-ventral lacrimal foramen (1)",-0.8916,-11.764,-28.8092
"CUR LM16 to LM26, ventro-distal maxillary edge (3) 1",6.9286,-16.5361,-21.0756
"CUR LM16 to LM26, ventro-distal maxillary edge (3) 2",6.3851,-16.5341,-21.0744
"CUR LM16 to LM26, ventro-distal maxillary edge (3) 3",5.8708,-16.5546,-21.0791
"CUR LM26 to LM28, ventro-distal maxillary edge (1) 1",4.0746,-16.3173,-20.962
"CUR LM26 to LM28, ventro-distal maxillary edge (1) 2",2.8908,-16.1936,-20.636
"CUR LM28 to LM38, ventro-distal maxillary edge (3) 1",0.445,-16.1508,-19.7389
"CUR LM28 to LM38, ventro-distal maxillary edge (3) 2",-0.9401,-16.0512,-19.4784
"CUR LM28 to LM38, ventro-distal maxillary edge (3) 3",-2.3156,-15.9386,-19.2718
"CUR LM28 to LM38, ventro-distal maxillary edge (3) 4",-3.7065,-15.789,-19.2346
"CUR LM38 to LM40, along most posterior ridge of maxillary (1) 1",-4.7385,-15.6819,-19.9564
"CUR LM38 to LM40, along most posterior ridge of maxillary (1) 2",-4.6185,-16.0469,-19.8821
"CUR LM31 to LM32, distal width of infraorbital foramen (1)",-0.2821,-17.0805,-20.5205
"CUR LM32 to LM31, proximal width of infraorbital foramen (1)",0.3533,-17.2444,-21.1879
"CUR LM35 to LM36, ventral width of antero-ventral lacrimal foramen (1)",-2.7182,-18.5489,-21.0528
"CUR LM36 to LM35, dorsal width of antero-ventral lacrimal foramen (1)",-2.688,-19.1745,-21.6927
"CUR LM41 to LM39, jugal-maxillary suture (2) 1",-2.2979,-8.9446,-26.4416
"CUR LM41 to LM39, jugal-maxillary suture (2) 2",-2.6413,-9.0308,-26.3702
"CUR LM42 to LM40, jugal-maxillary suture (2) 1",-4.3304,-16.6466,-19.0362
"CUR LM42 to LM40, jugal-maxillary suture (2) 2",-4.5456,-16.4824,-19.2832
"CUR LM3 to LM4, midline, sagittal crest (5)  1",-12.577,-16.6515,-29.1225
"CUR LM3 to LM4, midline, sagittal crest (5)  2",-13.8484,-16.4456,-29.269
"CUR LM3 to LM4, midline, sagittal crest (5)  3",-15.1251,-16.1896,-29.2883
"CUR LM3 to LM4, midline, sagittal crest (5)  4",-16.3623,-15.8802,-29.2363
"CUR LM3 to LM4, midline, sagittal crest (5)  5",-17.592,-15.4662,-29.1617
"CUR LM45 to LM47, distal edge and shortest distance (3) 1",-12.3137,-7.3653,-28.8272
"CUR LM45 to LM47, distal edge and shortest distance (3) 2",-12.8825,-7.622,-28.92
"CUR LM45 to LM47, distal edge and shortest distance (3) 3",-13.5078,-7.6994,-28.9512
"CUR LM46 to LM49, distal edge and shortest distance (3) 1",-14.4652,-16.5177,-19.8744
"CUR LM46 to LM49, distal edge and shortest distance (3) 2",-14.8942,-16.5402,-20.2292
"CUR LM46 to LM49, distal edge and shortest distance (3) 3",-15.3825,-16.4844,-20.473
"CUR LM4 to LM53, edge of nuchal crest (4) 1",-18.9295,-14.146,-29.6636
"CUR LM4 to LM53, edge of nuchal crest (4) 2",-19.0565,-13.1202,-30.0478
"CUR LM4 to LM53, edge of nuchal crest (4) 3",-18.8116,-12.0898,-30.1286
"CUR LM4 to LM53, edge of nuchal crest (4) 4",-18.5114,-11.1035,-29.9028
"CUR LM4 to LM54, edge of nuchal crest (4) 1",-19.1308,-15.6823,-28.1658
"CUR LM4 to LM54, edge of nuchal crest (4) 2",-19.5535,-16.1713,-27.211
"CUR LM4 to LM54, edge of nuchal crest (4) 3",-19.5463,-16.3194,-26.0514
"CUR LM4 to LM54, edge of nuchal crest (4) 4",-19.5087,-16.1905,-24.9257
"CUR LM53 to LM51, edge of nuchal crest (4) 1",-17.5524,-9.4257,-29.4773
"CUR LM53 to LM51, edge of nuchal crest (4) 2",-16.8777,-8.7759,-29.5046
"CUR LM53 to LM51, edge of nuchal crest (4) 3",-16.1741,-8.172,-29.3107
"CUR LM53 to LM51, edge of nuchal crest (4) 4",-15.4869,-7.5409,-29.1478
"CUR LM54 to LM52, edge of nuchal crest (4) 1",-19.0479,-16.0593,-23.085
"CUR LM54 to LM52, edge of nuchal crest (4) 2",-18.4747,-16.2316,-22.3746
"CUR LM54 to LM52, edge of nuchal crest (4) 3",-17.8617,-16.207,-21.7154
"CUR LM54 to LM52, edge of nuchal crest (4) 4",-17.4131,-16.1244,-20.9273
"CUR LM51 to LM59, edge of nuchal crest and shortest distance to paracondylar process (3) 1",-15.1956,-7.1525,-28.0889
"CUR LM51 to LM59, edge of nuchal crest and shortest distance to paracondylar process (3) 2",-15.6533,-7.2721,-27.399
"CUR LM51 to LM59, edge of nuchal crest and shortest distance to paracondylar process (3) 3",-16.1701,-7.3695,-26.7363
"CUR LM52 to LM60, edge of nuchal crest and shortest distance to paracondylar process (3) 1",-17.1193,-15.2153,-20.5472
"CUR LM52 to LM60, edge of nuchal crest and shortest distance to paracondylar process (3) 2",-17.4552,-14.5015,-20.7562
"CUR LM52 to LM60, edge of nuchal crest and shortest distance to paracondylar process (3) 3",-17.8022,-13.7821,-20.9726
"CUR LM5 to LM55, edge of foramen magnum (3) 1",-19.7684,-12.0273,-27.4114
"CUR LM5 to LM55, edge of foramen magnum (3) 2",-19.6647,-11.171,-27.5461
"CUR LM5 to LM55, edge of foramen magnum (3) 3",-19.2225,-10.3883,-27.538
"CUR LM55 to LM6, edge fo foramen magnum (5) 1",-19.1447,-8.8,-26.735
"CUR LM55 to LM6, edge fo foramen magnum (5) 2",-18.9148,-8.4357,-25.9043
"CUR LM55 to LM6, edge fo foramen magnum (5) 3",-18.2446,-8.4988,-25.2314
"CUR LM55 to LM6, edge fo foramen magnum (5) 4",-17.7466,-8.8616,-24.5174
"CUR LM55 to LM6, edge fo foramen magnum (5) 5",-17.3259,-9.5779,-23.9987
"CUR LM5 to LM56, edge of foramen magnum (3) 1",-20.0835,-13.2889,-26.2603
"CUR LM5 to LM56, edge of foramen magnum (3) 2",-20.1419,-13.4614,-25.3662
"CUR LM5 to LM56, edge of foramen magnum (3) 3",-20.1225,-13.4492,-24.4636
"CUR LM56 to LM6, edge of foramen magnum (5) 1",-20.1511,-12.9931,-22.7641
"CUR LM56 to LM6, edge of foramen magnum (5) 2",-19.7709,-12.2274,-22.235
"CUR LM56 to LM6, edge of foramen magnum (5) 3",-18.8975,-11.7272,-22.0934
"CUR LM56 to LM6, edge of foramen magnum (5) 4",-18.1481,-11.1996,-22.3554
"CUR LM56 to LM6, edge of foramen magnum (5) 5",-17.5382,-10.6319,-22.931
"CUR LM55 to LM57, edge of occipital condyle (1)",-18.7869,-9.5208,-27.6402
"CUR LM56 to LM58, edge of occipital condyle (1)",-19.7915,-13.7355,-23.528
"CUR LM57 to LM7, edge of occipital condyle (5) 1",-18.2144,-8.482,-27.6134
"CUR LM57 to LM7, edge of occipital condyle (5) 2",-17.6239,-8.1798,-26.8162
"CUR LM57 to LM7, edge of occipital condyle (5) 3",-17.069,-8.6121,-26.0355
"CUR LM57 to LM7, edge of occipital condyle (5) 4",-16.6316,-9.1475,-25.2714
"CUR LM57 to LM7, edge of occipital condyle (5) 5",-16.4304,-9.7671,-24.4455
"CUR LM58 to LM7, edge of occipital condyle (5) 1",-19.5507,-13.8435,-22.4218
"CUR LM58 to LM7, edge of occipital condyle (5) 2",-18.984,-13.2539,-21.8278
"CUR LM58 to LM7, edge of occipital condyle (5) 3",-18.1302,-12.6617,-21.9944
"CUR LM58 to LM7, edge of occipital condyle (5) 4",-17.474,-11.9967,-22.4661
"CUR LM58 to LM7, edge of occipital condyle (5) 5",-16.9356,-11.2279,-22.9727
"CUR LM61 to LM63, shortest distance (2) 1",-16.2072,-9.279,-25.2555
"CUR LM61 to LM63, shortest distance (2) 2",-15.9989,-9.1555,-25.3106
"CUR LM62 to LM64, shortest distance (2) 1",-16.9412,-12.2724,-22.4812
"CUR LM62 to LM64, shortest distance (2) 2",-16.7111,-12.301,-22.3171
"CUR LM63 to LM65, petrosal-basioccipital ridge (3) 1",-15.2703,-9.1648,-25.0197
"CUR LM63 to LM65, petrosal-basioccipital ridge (3) 2",-14.6515,-9.4958,-24.8085
"CUR LM63 to LM65, petrosal-basioccipital ridge (3) 3",-14.082,-9.8593,-24.5689
"CUR LM64 to LM66, petrosal-basioccipital ridge (3) 1",-15.785,-12.1386,-22.2204
"CUR LM64 to LM66, petrosal-basioccipital ridge (3) 2",-15.1276,-12.0396,-22.408
"CUR LM64 to LM66, petrosal-basioccipital ridge (3) 3",-14.4916,-11.9191,-22.5732
"CUR LM65 to LM66, basioccipital-basisphenoid suture (3) 1",-13.6329,-10.7601,-24.0497
"CUR LM65 to LM66, basioccipital-basisphenoid suture (3) 2",-13.7038,-11.2063,-23.6743
"CUR LM65 to LM66, basioccipital-basisphenoid suture (3) 3",-13.768,-11.5699,-23.2847
"CUR LM8 to LM9, midline (8) 1",-4.3034,-13.2634,-23.5516
"CUR LM8 to LM9, midline (8) 2",-3.2773,-13.6528,-23.7154
"CUR LM8 to LM9, midline (8) 3",-2.2444,-13.97,-23.8083
"CUR LM8 to LM9, midline (8) 4",-1.1776,-14.2542,-23.8544
"CUR LM8 to LM9, midline (8) 5",-0.0908,-14.4377,-23.7468
"CUR LM8 to LM9, midline (8) 6",0.9989,-14.5854,-23.6773
"CUR LM8 to LM9, midline (8) 7",2.0893,-14.7359,-23.5373
"CUR LM8 to LM9, midline (8) 8",3.1675,-14.7143,-23.2439
"CUR LM2 to LM3, midline (3) 1",-4.3406,-17.0479,-27.4469
"CUR LM2 to LM3, midline (3) 2",-6.6346,-17.179,-28.1475
"CUR LM2 to LM3, midline (3) 3",-8.9608,-17.11,-28.6534
SUR Nasal right (9) 1,7.4037,-16.3038,-24.5941
SUR Nasal right (9) 2,6.1528,-16.3785,-25.0135
SUR Nasal right (9) 3,4.8716,-16.4002,-25.4581
SUR Nasal right (9) 4,3.629,-16.4186,-25.8436
SUR Nasal right (9) 5,2.5448,-16.4176,-26.1952
SUR Nasal right (9) 6,1.4964,-16.3861,-26.5105
SUR Nasal right (9) 7,0.4776,-16.2987,-26.8453
SUR Nasal right (9) 8,-0.2068,-15.8496,-27.4469
SUR Nasal right (9) 9,-1.1346,-16.5347,-26.9915
SUR Nasal left (9) 1,7.137,-17.0789,-23.8979
SUR Nasal left (9) 2,5.8276,-17.1903,-24.2821
SUR Nasal left (9) 3,4.5459,-17.2324,-24.7549
SUR Nasal left (9) 4,3.4027,-17.312,-25.0178
SUR Nasal left (9) 5,2.3459,-17.3703,-25.2741
SUR Nasal left (9) 6,1.2384,-17.4686,-25.4549
SUR Nasal left (9) 7,0.1643,-17.6138,-25.5664
SUR Nasal left (9) 8,-0.9133,-18.1731,-25.2456
SUR Nasal left (9) 9,-1.4891,-17.3302,-26.2306
SUR Right Premaxillary-maxillary (27) 1,8.9646,-14.2339,-23.9614
SUR Right Premaxillary-maxillary (27) 2,7.3853,-13.8113,-24.5405
SUR Right Premaxillary-maxillary (27) 3,6.0615,-13.2596,-24.772
SUR Right Premaxillary-maxillary (27) 4,4.7209,-12.7776,-24.8419
SUR Right Premaxillary-maxillary (27) 5,3.5825,-12.1607,-25.0892
SUR Right Premaxillary-maxillary (27) 6,2.3231,-11.8021,-25.5192
SUR Right Premaxillary-maxillary (27) 7,0.4908,-10.5986,-25.876
SUR Right Premaxillary-maxillary (27) 8,-1.0684,-9.7427,-26.2568
SUR Right Premaxillary-maxillary (27) 9,8.209,-14.9461,-24.8067
SUR Right Premaxillary-maxillary (27) 10,0.0214,-10.9897,-27.1619
SUR Right Premaxillary-maxillary (27) 11,6.6037,-14.3651,-25.2668
SUR Right Premaxillary-maxillary (27) 12,4.7224,-14.1311,-25.8852
SUR Right Premaxillary-maxillary (27) 13,3.4704,-13.1,-26.1481
SUR Right Premaxillary-maxillary (27) 14,2.4155,-12.6411,-26.6196
SUR Right Premaxillary-maxillary (27) 15,1.3173,-12.4047,-27.3892
SUR Right Premaxillary-maxillary (27) 16,0.2586,-12.0227,-28.0769
SUR Right Premaxillary-maxillary (27) 17,6.5222,-15.1914,-25.4489
SUR Right Premaxillary-maxillary (27) 18,4.8356,-15.2014,-25.9357
SUR Right Premaxillary-maxillary (27) 19,2.9509,-13.904,-26.7681
SUR Right Premaxillary-maxillary (27) 20,1.6357,-13.6365,-27.4855
SUR Right Premaxillary-maxillary (27) 21,0.4846,-13.3816,-28.1545
SUR Right Premaxillary-maxillary (27) 22,-0.554,-12.5141,-28.9223
SUR Right Premaxillary-maxillary (27) 23,3.2833,-15.0807,-26.534
SUR Right Premaxillary-maxillary (27) 24,1.9878,-14.9901,-27.0273
SUR Right Premaxillary-maxillary (27) 25,0.6306,-14.7562,-27.7108
SUR Right Premaxillary-maxillary (27) 26,-0.476,-14.1085,-28.4419
SUR Right Premaxillary-maxillary (27) 27,-1.5702,-13.4445,-29.0468
SUR Left Premaxillary-maxillary (27) 1,8.4419,-16.7146,-21.4605
SUR Left Premaxillary-maxillary (27) 2,6.8976,-16.9496,-21.512
SUR Left Premaxillary-maxillary (27) 3,5.4191,-17.0803,-21.4911
SUR Left Premaxillary-maxillary (27) 4,4.0375,-16.8271,-21.3105
SUR Left Premaxillary-maxillary (27) 5,2.7502,-16.6647,-20.8843
SUR Left Premaxillary-maxillary (27) 6,1.4079,-16.6725,-20.6829
SUR Left Premaxillary-maxillary (27) 7,-1.1477,-16.6574,-20.0515
SUR Left Premaxillary-maxillary (27) 8,-2.4725,-16.7398,-19.8278
SUR Left Premaxillary-maxillary (27) 9,7.7267,-17.4213,-22.3893
SUR Left Premaxillary-maxillary (27) 10,-1.5736,-17.7966,-20.7126
SUR Left Premaxillary-maxillary (27) 11,6.2663,-17.5663,-22.4682
SUR Left Premaxillary-maxillary (27) 12,4.3428,-17.5987,-22.3081
SUR Left Premaxillary-maxillary (27) 13,3.1269,-17.4676,-21.8211
SUR Left Premaxillary-maxillary (27) 14,1.2886,-17.7897,-21.6258
SUR Left Premaxillary-maxillary (27) 15,0.0386,-18.3487,-21.8878
SUR Left Premaxillary-maxillary (27) 16,-1.2764,-18.6839,-21.6546
SUR Left Premaxillary-maxillary (27) 17,5.2845,-17.7308,-23.3362
SUR Left Premaxillary-maxillary (27) 18,3.9578,-17.8099,-23.6843
SUR Left Premaxillary-maxillary (27) 19,2.1887,-18.0203,-22.7214
SUR Left Premaxillary-maxillary (27) 20,0.9315,-18.3621,-22.8155
SUR Left Premaxillary-maxillary (27) 21,-0.8171,-18.941,-22.8528
SUR Left Premaxillary-maxillary (27) 22,-2.2239,-19.3941,-22.5097
SUR Left Premaxillary-maxillary (27) 23,2.6432,-17.9112,-23.9332
SUR Left Premaxillary-maxillary (27) 24,0.8793,-18.2301,-24.0335
SUR Left Premaxillary-maxillary (27) 25,-0.5704,-18.5823,-24.0865
SUR Left Premaxillary-maxillary (27) 26,-1.8548,-19.0142,-23.696
SUR Left Premaxillary-maxillary (27) 27,-3.1876,-19.2969,-23.6262
SUR R Frontal-parietal  (23) 1,-3.3165,-16.4611,-27.7621
SUR R Frontal-parietal  (23) 2,-5.3348,-16.5194,-28.4488
SUR R Frontal-parietal  (23) 3,-7.6198,-16.4567,-29.0217
SUR R Frontal-parietal  (23) 4,-9.4588,-16.2847,-29.3966
SUR R Frontal-parietal  (23) 5,-11.369,-16.1145,-29.6524
SUR R Frontal-parietal  (23) 6,-14.1013,-15.6268,-29.9535
SUR R Frontal-parietal  (23) 7,-16.411,-14.9813,-29.9504
SUR R Frontal-parietal  (23) 8,-18.2248,-14.2583,-29.9514
SUR R Frontal-parietal  (23) 9,-2.1607,-15.2501,-28.6166
SUR R Frontal-parietal  (23) 10,-4.169,-15.2471,-29.1922
SUR R Frontal-parietal  (23) 11,-6.2842,-15.217,-29.6765
SUR R Frontal-parietal  (23) 12,-8.3236,-14.8629,-30.1357
SUR R Frontal-parietal  (23) 13,-10.5317,-14.6447,-30.4534
SUR R Frontal-parietal  (23) 14,-12.4036,-14.7682,-30.4959
SUR R Frontal-parietal  (23) 15,-14.8907,-14.4017,-30.7273
SUR R Frontal-parietal  (23) 16,-16.8001,-13.2847,-30.5489
SUR R Frontal-parietal  (23) 17,-11.8286,-13.0977,-31.0678
SUR R Frontal-parietal  (23) 18,-13.6881,-13.3164,-31.189
SUR R Frontal-parietal  (23) 19,-15.3014,-12.5868,-31.097
SUR R Frontal-parietal  (23) 20,-17.9914,-12.1329,-30.2575
SUR R Frontal-parietal  (23) 21,-13.0051,-11.5036,-31.1667
SUR R Frontal-parietal  (23) 22,-14.8234,-10.9913,-30.8884
SUR R Frontal-parietal  (23) 23,-16.6518,-10.7873,-30.3347
SUR L Frontal-Parietal (23) 1,-3.4216,-17.7216,-26.5723
SUR L Frontal-Parietal (23) 2,-5.758,-17.8676,-27.2272
SUR L Frontal-Parietal (23) 3,-7.9575,-17.7263,-27.8788
SUR L Frontal-Parietal (23) 4,-9.9591,-17.6137,-28.2094
SUR L Frontal-Parietal (23) 5,-11.965,-17.532,-28.2809
SUR L Frontal-Parietal (23) 6,-14.6425,-16.9746,-28.627
SUR L Frontal-Parietal (23) 7,-16.3858,-16.5774,-28.5753
SUR L Frontal-Parietal (23) 8,-18.3481,-16.0516,-28.4136
SUR L Frontal-Parietal (23) 9,-3.433,-18.935,-25.1232
SUR L Frontal-Parietal (23) 10,-5.2285,-18.8838,-25.7421
SUR L Frontal-Parietal (23) 11,-7.094,-18.8157,-26.2849
SUR L Frontal-Parietal (23) 12,-9.182,-18.7456,-26.6068
SUR L Frontal-Parietal (23) 13,-11.2038,-18.5422,-26.8906
SUR L Frontal-Parietal (23) 14,-13.6956,-18.1647,-27.2618
SUR L Frontal-Parietal (23) 15,-15.6712,-17.8403,-27.344
SUR L Frontal-Parietal (23) 16,-17.391,-17.1031,-27.1571
SUR L Frontal-Parietal (23) 17,-12.9329,-18.8625,-25.7963
SUR L Frontal-Parietal (23) 18,-14.9209,-18.6585,-25.768
SUR L Frontal-Parietal (23) 19,-16.7145,-17.9194,-25.7041
SUR L Frontal-Parietal (23) 20,-18.8367,-16.6381,-25.8644
SUR L Frontal-Parietal (23) 21,-13.8596,-18.8176,-24.1126
SUR L Frontal-Parietal (23) 22,-15.8533,-18.2321,-24.0419
SUR L Frontal-Parietal (23) 23,-17.8137,-17.1218,-24.3214
SUR posterior supraoccipital-exoccipital-petrosal edge (13) 1,-17.9942,-15.5622,-21.0614
SUR posterior supraoccipital-exoccipital-petrosal edge (13) 2,-19.2347,-12.642,-29.2535
SUR posterior supraoccipital-exoccipital-petrosal edge (13) 3,-18.9538,-11.1751,-28.6326
SUR posterior supraoccipital-exoccipital-petrosal edge (13) 4,-17.726,-8.8585,-28.6035
SUR posterior supraoccipital-exoccipital-petrosal edge (13) 5,-15.9071,-7.4242,-28.6262
SUR posterior supraoccipital-exoccipital-petrosal edge (13) 6,-18.7425,-14.2973,-21.3552
SUR posterior supraoccipital-exoccipital-petrosal edge (13) 7,-20.0716,-14.0842,-26.786
SUR posterior supraoccipital-exoccipital-petrosal edge (13) 8,-19.9313,-12.804,-27.8974
SUR posterior supraoccipital-exoccipital-petrosal edge (13) 9,-16.7211,-7.679,-27.2575
SUR posterior supraoccipital-exoccipital-petrosal edge (13) 10,-19.1727,-15.2706,-22.6215
SUR posterior supraoccipital-exoccipital-petrosal edge (13) 11,-19.7157,-14.7248,-24.5016
SUR posterior supraoccipital-exoccipital-petrosal edge (13) 12,-19.7035,-15.5183,-26.2011
SUR posterior supraoccipital-exoccipital-petrosal edge (13) 13,-19.7185,-14.2431,-28.3813
SUR left and right occipital condyles (6) 1,-18.7143,-8.4669,-27.1068
SUR left and right occipital condyles (6) 2,-17.9277,-8.2523,-25.8361
SUR left and right occipital condyles (6) 3,-17.1391,-9.0256,-24.6849
SUR left and right occipital condyles (6) 4,-19.9135,-13.3068,-22.4032
SUR left and right occipital condyles (6) 5,-18.9132,-12.401,-21.8629
SUR left and right occipital condyles (6) 6,-17.6848,-11.3737,-22.4354
SUR basioccipital (8) 1,-15.832,-9.7007,-24.8304
SUR basioccipital (8) 2,-15.8489,-10.6689,-23.6368
SUR basioccipital (8) 3,-16.2611,-11.8154,-22.8131
SUR basioccipital (8) 4,-15.104,-10.1227,-24.649
SUR basioccipital (8) 5,-15.0191,-11.0836,-23.8451
SUR basioccipital (8) 6,-15.3346,-11.8752,-23.045
SUR basioccipital (8) 7,-14.3429,-10.7914,-24.3004
SUR basioccipital (8) 8,-14.53,-11.724,-23.3111
