ID,template
X SUR Right Premaxillary-maxillary (27) 9,8.209
Y SUR Right Premaxillary-maxillary (27) 9,-14.9461
Z SUR Right Premaxillary-maxillary (27) 9,-24.8067
X SUR Right Premaxillary-maxillary (27) 8,-1.0684
Y SUR Right Premaxillary-maxillary (27) 8,-9.7427
Z SUR Right Premaxillary-maxillary (27) 8,-26.2568
X SUR Right Premaxillary-maxillary (27) 7,0.4908
Y SUR Right Premaxillary-maxillary (27) 7,-10.5986
Z SUR Right Premaxillary-maxillary (27) 7,-25.876
X SUR Right Premaxillary-maxillary (27) 6,2.3231
Y SUR Right Premaxillary-maxillary (27) 6,-11.8021
Z SUR Right Premaxillary-maxillary (27) 6,-25.5192
X SUR Right Premaxillary-maxillary (27) 5,3.5825
Y SUR Right Premaxillary-maxillary (27) 5,-12.1607
Z SUR Right Premaxillary-maxillary (27) 5,-25.0892
X SUR Right Premaxillary-maxillary (27) 4,4.7209
Y SUR Right Premaxillary-maxillary (27) 4,-12.7776
Z SUR Right Premaxillary-maxillary (27) 4,-24.8419
X SUR Right Premaxillary-maxillary (27) 3,6.0615
Y SUR Right Premaxillary-maxillary (27) 3,-13.2596
Z SUR Right Premaxillary-maxillary (27) 3,-24.772
X SUR Right Premaxillary-maxillary (27) 27,-1.5702
Y SUR Right Premaxillary-maxillary (27) 27,-13.4445
Z SUR Right Premaxillary-maxillary (27) 27,-29.0468
X SUR Right Premaxillary-maxillary (27) 26,-0.476
Y SUR Right Premaxillary-maxillary (27) 26,-14.1085
Z SUR Right Premaxillary-maxillary (27) 26,-28.4419
X SUR Right Premaxillary-maxillary (27) 25,0.6306
Y SUR Right Premaxillary-maxillary (27) 25,-14.7562
Z SUR Right Premaxillary-maxillary (27) 25,-27.7108
X SUR Right Premaxillary-maxillary (27) 24,1.9878
Y SUR Right Premaxillary-maxillary (27) 24,-14.9901
Z SUR Right Premaxillary-maxillary (27) 24,-27.0273
X SUR Right Premaxillary-maxillary (27) 23,3.2833
Y SUR Right Premaxillary-maxillary (27) 23,-15.0807
Z SUR Right Premaxillary-maxillary (27) 23,-26.534
X SUR Right Premaxillary-maxillary (27) 22,-0.554
Y SUR Right Premaxillary-maxillary (27) 22,-12.5141
Z SUR Right Premaxillary-maxillary (27) 22,-28.9223
X SUR Right Premaxillary-maxillary (27) 21,0.4846
Y SUR Right Premaxillary-maxillary (27) 21,-13.3816
Z SUR Right Premaxillary-maxillary (27) 21,-28.1545
X SUR Right Premaxillary-maxillary (27) 20,1.6357
Y SUR Right Premaxillary-maxillary (27) 20,-13.6365
Z SUR Right Premaxillary-maxillary (27) 20,-27.4855
X SUR Right Premaxillary-maxillary (27) 2,7.3853
Y SUR Right Premaxillary-maxillary (27) 2,-13.8113
Z SUR Right Premaxillary-maxillary (27) 2,-24.5405
X SUR Right Premaxillary-maxillary (27) 19,2.9509
Y SUR Right Premaxillary-maxillary (27) 19,-13.904
Z SUR Right Premaxillary-maxillary (27) 19,-26.7681
X SUR Right Premaxillary-maxillary (27) 18,4.8356
Y SUR Right Premaxillary-maxillary (27) 18,-15.2014
Z SUR Right Premaxillary-maxillary (27) 18,-25.9357
X SUR Right Premaxillary-maxillary (27) 17,6.5222
Y SUR Right Premaxillary-maxillary (27) 17,-15.1914
Z SUR Right Premaxillary-maxillary (27) 17,-25.4489
X SUR Right Premaxillary-maxillary (27) 16,0.2586
Y SUR Right Premaxillary-maxillary (27) 16,-12.0227
Z SUR Right Premaxillary-maxillary (27) 16,-28.0769
X SUR Right Premaxillary-maxillary (27) 15,1.3173
Y SUR Right Premaxillary-maxillary (27) 15,-12.4047
Z SUR Right Premaxillary-maxillary (27) 15,-27.3892
X SUR Right Premaxillary-maxillary (27) 14,2.4155
Y SUR Right Premaxillary-maxillary (27) 14,-12.6411
Z SUR Right Premaxillary-maxillary (27) 14,-26.6196
X SUR Right Premaxillary-maxillary (27) 13,3.4704
Y SUR Right Premaxillary-maxillary (27) 13,-13.1
Z SUR Right Premaxillary-maxillary (27) 13,-26.1481
X SUR Right Premaxillary-maxillary (27) 12,4.7224
Y SUR Right Premaxillary-maxillary (27) 12,-14.1311
Z SUR Right Premaxillary-maxillary (27) 12,-25.8852
X SUR Right Premaxillary-maxillary (27) 11,6.6037
Y SUR Right Premaxillary-maxillary (27) 11,-14.3651
Z SUR Right Premaxillary-maxillary (27) 11,-25.2668
X SUR Right Premaxillary-maxillary (27) 10,0.0214
Y SUR Right Premaxillary-maxillary (27) 10,-10.9897
Z SUR Right Premaxillary-maxillary (27) 10,-27.1619
X SUR Right Premaxillary-maxillary (27) 1,8.9646
Y SUR Right Premaxillary-maxillary (27) 1,-14.2339
Z SUR Right Premaxillary-maxillary (27) 1,-23.9614
X SUR R Frontal-parietal  (23) 9,-2.1607
Y SUR R Frontal-parietal  (23) 9,-15.2501
Z SUR R Frontal-parietal  (23) 9,-28.6166
X SUR R Frontal-parietal  (23) 8,-18.2248
Y SUR R Frontal-parietal  (23) 8,-14.2583
Z SUR R Frontal-parietal  (23) 8,-29.9514
X SUR R Frontal-parietal  (23) 7,-16.411
Y SUR R Frontal-parietal  (23) 7,-14.9813
Z SUR R Frontal-parietal  (23) 7,-29.9504
X SUR R Frontal-parietal  (23) 6,-14.1013
Y SUR R Frontal-parietal  (23) 6,-15.6268
Z SUR R Frontal-parietal  (23) 6,-29.9535
X SUR R Frontal-parietal  (23) 5,-11.369
Y SUR R Frontal-parietal  (23) 5,-16.1145
Z SUR R Frontal-parietal  (23) 5,-29.6524
X SUR R Frontal-parietal  (23) 4,-9.4588
Y SUR R Frontal-parietal  (23) 4,-16.2847
Z SUR R Frontal-parietal  (23) 4,-29.3966
X SUR R Frontal-parietal  (23) 3,-7.6198
Y SUR R Frontal-parietal  (23) 3,-16.4567
Z SUR R Frontal-parietal  (23) 3,-29.0217
X SUR R Frontal-parietal  (23) 23,-16.6518
Y SUR R Frontal-parietal  (23) 23,-10.7873
Z SUR R Frontal-parietal  (23) 23,-30.3347
X SUR R Frontal-parietal  (23) 22,-14.8234
Y SUR R Frontal-parietal  (23) 22,-10.9913
Z SUR R Frontal-parietal  (23) 22,-30.8884
X SUR R Frontal-parietal  (23) 21,-13.0051
Y SUR R Frontal-parietal  (23) 21,-11.5036
Z SUR R Frontal-parietal  (23) 21,-31.1667
X SUR R Frontal-parietal  (23) 20,-17.9914
Y SUR R Frontal-parietal  (23) 20,-12.1329
Z SUR R Frontal-parietal  (23) 20,-30.2575
X SUR R Frontal-parietal  (23) 2,-5.3348
Y SUR R Frontal-parietal  (23) 2,-16.5194
Z SUR R Frontal-parietal  (23) 2,-28.4488
X SUR R Frontal-parietal  (23) 19,-15.3014
Y SUR R Frontal-parietal  (23) 19,-12.5868
Z SUR R Frontal-parietal  (23) 19,-31.097
X SUR R Frontal-parietal  (23) 18,-13.6881
Y SUR R Frontal-parietal  (23) 18,-13.3164
Z SUR R Frontal-parietal  (23) 18,-31.189
X SUR R Frontal-parietal  (23) 17,-11.8286
Y SUR R Frontal-parietal  (23) 17,-13.0977
Z SUR R Frontal-parietal  (23) 17,-31.0678
X SUR R Frontal-parietal  (23) 16,-16.8001
Y SUR R Frontal-parietal  (23) 16,-13.2847
Z SUR R Frontal-parietal  (23) 16,-30.5489
X SUR R Frontal-parietal  (23) 15,-14.8907
Y SUR R Frontal-parietal  (23) 15,-14.4017
Z SUR R Frontal-parietal  (23) 15,-30.7273
X SUR R Frontal-parietal  (23) 14,-12.4036
Y SUR R Frontal-parietal  (23) 14,-14.7682
Z SUR R Frontal-parietal  (23) 14,-30.4959
X SUR R Frontal-parietal  (23) 13,-10.5317
Y SUR R Frontal-parietal  (23) 13,-14.6447
Z SUR R Frontal-parietal  (23) 13,-30.4534
X SUR R Frontal-parietal  (23) 12,-8.3236
Y SUR R Frontal-parietal  (23) 12,-14.8629
Z SUR R Frontal-parietal  (23) 12,-30.1357
X SUR R Frontal-parietal  (23) 11,-6.2842
Y SUR R Frontal-parietal  (23) 11,-15.217
Z SUR R Frontal-parietal  (23) 11,-29.6765
X SUR R Frontal-parietal  (23) 10,-4.169
Y SUR R Frontal-parietal  (23) 10,-15.2471
Z SUR R Frontal-parietal  (23) 10,-29.1922
X SUR R Frontal-parietal  (23) 1,-3.3165
Y SUR R Frontal-parietal  (23) 1,-16.4611
Z SUR R Frontal-parietal  (23) 1,-27.7621
X SUR posterior supraoccipital-exoccipital-petrosal edge (13) 9,-16.7211
Y SUR posterior supraoccipital-exoccipital-petrosal edge (13) 9,-7.679
Z SUR posterior supraoccipital-exoccipital-petrosal edge (13) 9,-27.2575
X SUR posterior supraoccipital-exoccipital-petrosal edge (13) 8,-19.9313
Y SUR posterior supraoccipital-exoccipital-petrosal edge (13) 8,-12.804
Z SUR posterior supraoccipital-exoccipital-petrosal edge (13) 8,-27.8974
X SUR posterior supraoccipital-exoccipital-petrosal edge (13) 7,-20.0716
Y SUR posterior supraoccipital-exoccipital-petrosal edge (13) 7,-14.0842
Z SUR posterior supraoccipital-exoccipital-petrosal edge (13) 7,-26.786
X SUR posterior supraoccipital-exoccipital-petrosal edge (13) 6,-18.7425
Y SUR posterior supraoccipital-exoccipital-petrosal edge (13) 6,-14.2973
Z SUR posterior supraoccipital-exoccipital-petrosal edge (13) 6,-21.3552
X SUR posterior supraoccipital-exoccipital-petrosal edge (13) 5,-15.9071
Y SUR posterior supraoccipital-exoccipital-petrosal edge (13) 5,-7.4242
Z SUR posterior supraoccipital-exoccipital-petrosal edge (13) 5,-28.6262
X SUR posterior supraoccipital-exoccipital-petrosal edge (13) 4,-17.726
Y SUR posterior supraoccipital-exoccipital-petrosal edge (13) 4,-8.8585
Z SUR posterior supraoccipital-exoccipital-petrosal edge (13) 4,-28.6035
X SUR posterior supraoccipital-exoccipital-petrosal edge (13) 3,-18.9538
Y SUR posterior supraoccipital-exoccipital-petrosal edge (13) 3,-11.1751
Z SUR posterior supraoccipital-exoccipital-petrosal edge (13) 3,-28.6326
X SUR posterior supraoccipital-exoccipital-petrosal edge (13) 2,-19.2347
Y SUR posterior supraoccipital-exoccipital-petrosal edge (13) 2,-12.642
Z SUR posterior supraoccipital-exoccipital-petrosal edge (13) 2,-29.2535
X SUR posterior supraoccipital-exoccipital-petrosal edge (13) 13,-19.7185
Y SUR posterior supraoccipital-exoccipital-petrosal edge (13) 13,-14.2431
Z SUR posterior supraoccipital-exoccipital-petrosal edge (13) 13,-28.3813
X SUR posterior supraoccipital-exoccipital-petrosal edge (13) 12,-19.7035
Y SUR posterior supraoccipital-exoccipital-petrosal edge (13) 12,-15.5183
Z SUR posterior supraoccipital-exoccipital-petrosal edge (13) 12,-26.2011
X SUR posterior supraoccipital-exoccipital-petrosal edge (13) 11,-19.7157
Y SUR posterior supraoccipital-exoccipital-petrosal edge (13) 11,-14.7248
Z SUR posterior supraoccipital-exoccipital-petrosal edge (13) 11,-24.5016
X SUR posterior supraoccipital-exoccipital-petrosal edge (13) 10,-19.1727
Y SUR posterior supraoccipital-exoccipital-petrosal edge (13) 10,-15.2706
Z SUR posterior supraoccipital-exoccipital-petrosal edge (13) 10,-22.6215
X SUR posterior supraoccipital-exoccipital-petrosal edge (13) 1,-17.9942
Y SUR posterior supraoccipital-exoccipital-petrosal edge (13) 1,-15.5622
Z SUR posterior supraoccipital-exoccipital-petrosal edge (13) 1,-21.0614
X SUR Nasal right (9) 9,-1.1346
Y SUR Nasal right (9) 9,-16.5347
Z SUR Nasal right (9) 9,-26.9915
X SUR Nasal right (9) 8,-0.2068
Y SUR Nasal right (9) 8,-15.8496
Z SUR Nasal right (9) 8,-27.4469
X SUR Nasal right (9) 7,0.4776
Y SUR Nasal right (9) 7,-16.2987
Z SUR Nasal right (9) 7,-26.8453
X SUR Nasal right (9) 6,1.4964
Y SUR Nasal right (9) 6,-16.3861
Z SUR Nasal right (9) 6,-26.5105
X SUR Nasal right (9) 5,2.5448
Y SUR Nasal right (9) 5,-16.4176
Z SUR Nasal right (9) 5,-26.1952
X SUR Nasal right (9) 4,3.629
Y SUR Nasal right (9) 4,-16.4186
Z SUR Nasal right (9) 4,-25.8436
X SUR Nasal right (9) 3,4.8716
Y SUR Nasal right (9) 3,-16.4002
Z SUR Nasal right (9) 3,-25.4581
X SUR Nasal right (9) 2,6.1528
Y SUR Nasal right (9) 2,-16.3785
Z SUR Nasal right (9) 2,-25.0135
X SUR Nasal right (9) 1,7.4037
Y SUR Nasal right (9) 1,-16.3038
Z SUR Nasal right (9) 1,-24.5941
X SUR Nasal left (9) 9,-1.4891
Y SUR Nasal left (9) 9,-17.3302
Z SUR Nasal left (9) 9,-26.2306
X SUR Nasal left (9) 8,-0.9133
Y SUR Nasal left (9) 8,-18.1731
Z SUR Nasal left (9) 8,-25.2456
X SUR Nasal left (9) 7,0.1643
Y SUR Nasal left (9) 7,-17.6138
Z SUR Nasal left (9) 7,-25.5664
X SUR Nasal left (9) 6,1.2384
Y SUR Nasal left (9) 6,-17.4686
Z SUR Nasal left (9) 6,-25.4549
X SUR Nasal left (9) 5,2.3459
Y SUR Nasal left (9) 5,-17.3703
Z SUR Nasal left (9) 5,-25.2741
X SUR Nasal left (9) 4,3.4027
Y SUR Nasal left (9) 4,-17.312
Z SUR Nasal left (9) 4,-25.0178
X SUR Nasal left (9) 3,4.5459
Y SUR Nasal left (9) 3,-17.2324
Z SUR Nasal left (9) 3,-24.7549
X SUR Nasal left (9) 2,5.8276
Y SUR Nasal left (9) 2,-17.1903
Z SUR Nasal left (9) 2,-24.2821
X SUR Nasal left (9) 1,7.137
Y SUR Nasal left (9) 1,-17.0789
Z SUR Nasal left (9) 1,-23.8979
X SUR Left Premaxillary-maxillary (27) 9,7.7267
Y SUR Left Premaxillary-maxillary (27) 9,-17.4213
Z SUR Left Premaxillary-maxillary (27) 9,-22.3893
X SUR Left Premaxillary-maxillary (27) 8,-2.4725
Y SUR Left Premaxillary-maxillary (27) 8,-16.7398
Z SUR Left Premaxillary-maxillary (27) 8,-19.8278
X SUR Left Premaxillary-maxillary (27) 7,-1.1477
Y SUR Left Premaxillary-maxillary (27) 7,-16.6574
Z SUR Left Premaxillary-maxillary (27) 7,-20.0515
X SUR Left Premaxillary-maxillary (27) 6,1.4079
Y SUR Left Premaxillary-maxillary (27) 6,-16.6725
Z SUR Left Premaxillary-maxillary (27) 6,-20.6829
X SUR Left Premaxillary-maxillary (27) 5,2.7502
Y SUR Left Premaxillary-maxillary (27) 5,-16.6647
Z SUR Left Premaxillary-maxillary (27) 5,-20.8843
X SUR Left Premaxillary-maxillary (27) 4,4.0375
Y SUR Left Premaxillary-maxillary (27) 4,-16.8271
Z SUR Left Premaxillary-maxillary (27) 4,-21.3105
X SUR Left Premaxillary-maxillary (27) 3,5.4191
Y SUR Left Premaxillary-maxillary (27) 3,-17.0803
Z SUR Left Premaxillary-maxillary (27) 3,-21.4911
X SUR Left Premaxillary-maxillary (27) 27,-3.1876
Y SUR Left Premaxillary-maxillary (27) 27,-19.2969
Z SUR Left Premaxillary-maxillary (27) 27,-23.6262
X SUR Left Premaxillary-maxillary (27) 26,-1.8548
Y SUR Left Premaxillary-maxillary (27) 26,-19.0142
Z SUR Left Premaxillary-maxillary (27) 26,-23.696
X SUR Left Premaxillary-maxillary (27) 25,-0.5704
Y SUR Left Premaxillary-maxillary (27) 25,-18.5823
Z SUR Left Premaxillary-maxillary (27) 25,-24.0865
X SUR Left Premaxillary-maxillary (27) 24,0.8793
Y SUR Left Premaxillary-maxillary (27) 24,-18.2301
Z SUR Left Premaxillary-maxillary (27) 24,-24.0335
X SUR Left Premaxillary-maxillary (27) 23,2.6432
Y SUR Left Premaxillary-maxillary (27) 23,-17.9112
Z SUR Left Premaxillary-maxillary (27) 23,-23.9332
X SUR Left Premaxillary-maxillary (27) 22,-2.2239
Y SUR Left Premaxillary-maxillary (27) 22,-19.3941
Z SUR Left Premaxillary-maxillary (27) 22,-22.5097
X SUR Left Premaxillary-maxillary (27) 21,-0.8171
Y SUR Left Premaxillary-maxillary (27) 21,-18.941
Z SUR Left Premaxillary-maxillary (27) 21,-22.8528
X SUR Left Premaxillary-maxillary (27) 20,0.9315
Y SUR Left Premaxillary-maxillary (27) 20,-18.3621
Z SUR Left Premaxillary-maxillary (27) 20,-22.8155
X SUR Left Premaxillary-maxillary (27) 2,6.8976
Y SUR Left Premaxillary-maxillary (27) 2,-16.9496
Z SUR Left Premaxillary-maxillary (27) 2,-21.512
X SUR Left Premaxillary-maxillary (27) 19,2.1887
Y SUR Left Premaxillary-maxillary (27) 19,-18.0203
Z SUR Left Premaxillary-maxillary (27) 19,-22.7214
X SUR Left Premaxillary-maxillary (27) 18,3.9578
Y SUR Left Premaxillary-maxillary (27) 18,-17.8099
Z SUR Left Premaxillary-maxillary (27) 18,-23.6843
X SUR Left Premaxillary-maxillary (27) 17,5.2845
Y SUR Left Premaxillary-maxillary (27) 17,-17.7308
Z SUR Left Premaxillary-maxillary (27) 17,-23.3362
X SUR Left Premaxillary-maxillary (27) 16,-1.2764
Y SUR Left Premaxillary-maxillary (27) 16,-18.6839
Z SUR Left Premaxillary-maxillary (27) 16,-21.6546
X SUR Left Premaxillary-maxillary (27) 15,0.0386
Y SUR Left Premaxillary-maxillary (27) 15,-18.3487
Z SUR Left Premaxillary-maxillary (27) 15,-21.8878
X SUR Left Premaxillary-maxillary (27) 14,1.2886
Y SUR Left Premaxillary-maxillary (27) 14,-17.7897
Z SUR Left Premaxillary-maxillary (27) 14,-21.6258
X SUR Left Premaxillary-maxillary (27) 13,3.1269
Y SUR Left Premaxillary-maxillary (27) 13,-17.4676
Z SUR Left Premaxillary-maxillary (27) 13,-21.8211
X SUR Left Premaxillary-maxillary (27) 12,4.3428
Y SUR Left Premaxillary-maxillary (27) 12,-17.5987
Z SUR Left Premaxillary-maxillary (27) 12,-22.3081
X SUR Left Premaxillary-maxillary (27) 11,6.2663
Y SUR Left Premaxillary-maxillary (27) 11,-17.5663
Z SUR Left Premaxillary-maxillary (27) 11,-22.4682
X SUR Left Premaxillary-maxillary (27) 10,-1.5736
Y SUR Left Premaxillary-maxillary (27) 10,-17.7966
Z SUR Left Premaxillary-maxillary (27) 10,-20.7126
X SUR Left Premaxillary-maxillary (27) 1,8.4419
Y SUR Left Premaxillary-maxillary (27) 1,-16.7146
Z SUR Left Premaxillary-maxillary (27) 1,-21.4605
X SUR left and right occipital condyles (6) 6,-17.6848
Y SUR left and right occipital condyles (6) 6,-11.3737
Z SUR left and right occipital condyles (6) 6,-22.4354
X SUR left and right occipital condyles (6) 5,-18.9132
Y SUR left and right occipital condyles (6) 5,-12.401
Z SUR left and right occipital condyles (6) 5,-21.8629
X SUR left and right occipital condyles (6) 4,-19.9135
Y SUR left and right occipital condyles (6) 4,-13.3068
Z SUR left and right occipital condyles (6) 4,-22.4032
X SUR left and right occipital condyles (6) 3,-17.1391
Y SUR left and right occipital condyles (6) 3,-9.0256
Z SUR left and right occipital condyles (6) 3,-24.6849
X SUR left and right occipital condyles (6) 2,-17.9277
Y SUR left and right occipital condyles (6) 2,-8.2523
Z SUR left and right occipital condyles (6) 2,-25.8361
X SUR left and right occipital condyles (6) 1,-18.7143
Y SUR left and right occipital condyles (6) 1,-8.4669
Z SUR left and right occipital condyles (6) 1,-27.1068
X SUR L Frontal-Parietal (23) 9,-3.433
Y SUR L Frontal-Parietal (23) 9,-18.935
Z SUR L Frontal-Parietal (23) 9,-25.1232
X SUR L Frontal-Parietal (23) 8,-18.3481
Y SUR L Frontal-Parietal (23) 8,-16.0516
Z SUR L Frontal-Parietal (23) 8,-28.4136
X SUR L Frontal-Parietal (23) 7,-16.3858
Y SUR L Frontal-Parietal (23) 7,-16.5774
Z SUR L Frontal-Parietal (23) 7,-28.5753
X SUR L Frontal-Parietal (23) 6,-14.6425
Y SUR L Frontal-Parietal (23) 6,-16.9746
Z SUR L Frontal-Parietal (23) 6,-28.627
X SUR L Frontal-Parietal (23) 5,-11.965
Y SUR L Frontal-Parietal (23) 5,-17.532
Z SUR L Frontal-Parietal (23) 5,-28.2809
X SUR L Frontal-Parietal (23) 4,-9.9591
Y SUR L Frontal-Parietal (23) 4,-17.6137
Z SUR L Frontal-Parietal (23) 4,-28.2094
X SUR L Frontal-Parietal (23) 3,-7.9575
Y SUR L Frontal-Parietal (23) 3,-17.7263
Z SUR L Frontal-Parietal (23) 3,-27.8788
X SUR L Frontal-Parietal (23) 23,-17.8137
Y SUR L Frontal-Parietal (23) 23,-17.1218
Z SUR L Frontal-Parietal (23) 23,-24.3214
X SUR L Frontal-Parietal (23) 22,-15.8533
Y SUR L Frontal-Parietal (23) 22,-18.2321
Z SUR L Frontal-Parietal (23) 22,-24.0419
X SUR L Frontal-Parietal (23) 21,-13.8596
Y SUR L Frontal-Parietal (23) 21,-18.8176
Z SUR L Frontal-Parietal (23) 21,-24.1126
X SUR L Frontal-Parietal (23) 20,-18.8367
Y SUR L Frontal-Parietal (23) 20,-16.6381
Z SUR L Frontal-Parietal (23) 20,-25.8644
X SUR L Frontal-Parietal (23) 2,-5.758
Y SUR L Frontal-Parietal (23) 2,-17.8676
Z SUR L Frontal-Parietal (23) 2,-27.2272
X SUR L Frontal-Parietal (23) 19,-16.7145
Y SUR L Frontal-Parietal (23) 19,-17.9194
Z SUR L Frontal-Parietal (23) 19,-25.7041
X SUR L Frontal-Parietal (23) 18,-14.9209
Y SUR L Frontal-Parietal (23) 18,-18.6585
Z SUR L Frontal-Parietal (23) 18,-25.768
X SUR L Frontal-Parietal (23) 17,-12.9329
Y SUR L Frontal-Parietal (23) 17,-18.8625
Z SUR L Frontal-Parietal (23) 17,-25.7963
X SUR L Frontal-Parietal (23) 16,-17.391
Y SUR L Frontal-Parietal (23) 16,-17.1031
Z SUR L Frontal-Parietal (23) 16,-27.1571
X SUR L Frontal-Parietal (23) 15,-15.6712
Y SUR L Frontal-Parietal (23) 15,-17.8403
Z SUR L Frontal-Parietal (23) 15,-27.344
X SUR L Frontal-Parietal (23) 14,-13.6956
Y SUR L Frontal-Parietal (23) 14,-18.1647
Z SUR L Frontal-Parietal (23) 14,-27.2618
X SUR L Frontal-Parietal (23) 13,-11.2038
Y SUR L Frontal-Parietal (23) 13,-18.5422
Z SUR L Frontal-Parietal (23) 13,-26.8906
X SUR L Frontal-Parietal (23) 12,-9.182
Y SUR L Frontal-Parietal (23) 12,-18.7456
Z SUR L Frontal-Parietal (23) 12,-26.6068
X SUR L Frontal-Parietal (23) 11,-7.094
Y SUR L Frontal-Parietal (23) 11,-18.8157
Z SUR L Frontal-Parietal (23) 11,-26.2849
X SUR L Frontal-Parietal (23) 10,-5.2285
Y SUR L Frontal-Parietal (23) 10,-18.8838
Z SUR L Frontal-Parietal (23) 10,-25.7421
X SUR L Frontal-Parietal (23) 1,-3.4216
Y SUR L Frontal-Parietal (23) 1,-17.7216
Z SUR L Frontal-Parietal (23) 1,-26.5723
X SUR basioccipital (8) 8,-14.53
Y SUR basioccipital (8) 8,-11.724
Z SUR basioccipital (8) 8,-23.3111
X SUR basioccipital (8) 7,-14.3429
Y SUR basioccipital (8) 7,-10.7914
Z SUR basioccipital (8) 7,-24.3004
X SUR basioccipital (8) 6,-15.3346
Y SUR basioccipital (8) 6,-11.8752
Z SUR basioccipital (8) 6,-23.045
X SUR basioccipital (8) 5,-15.0434
Y SUR basioccipital (8) 5,-11.102
Z SUR basioccipital (8) 5,-23.819
X SUR basioccipital (8) 4,-15.104
Y SUR basioccipital (8) 4,-10.1227
Z SUR basioccipital (8) 4,-24.649
X SUR basioccipital (8) 3,-16.2611
Y SUR basioccipital (8) 3,-11.8154
Z SUR basioccipital (8) 3,-22.8131
X SUR basioccipital (8) 2,-15.8458
Y SUR basioccipital (8) 2,-10.6237
Z SUR basioccipital (8) 2,-23.6796
X SUR basioccipital (8) 1,-15.832
Y SUR basioccipital (8) 1,-9.7007
Z SUR basioccipital (8) 1,-24.8304
X LM9 Medial point of the most posterior side of the incisive foramina,4.2887
Y LM9 Medial point of the most posterior side of the incisive foramina,-14.8079
Z LM9 Medial point of the most posterior side of the incisive foramina,-23.1437
"X LM82 L Incisive foramen, anterior",8.6367
"Y LM82 L Incisive foramen, anterior",-15.0392
"Z LM82 L Incisive foramen, anterior",-21.832
"X LM81 R Incisive foramen, anterior",8.7084
"Y LM81 R Incisive foramen, anterior",-14.5593
"Z LM81 R Incisive foramen, anterior",-22.3135
"X LM80 L Incisive foramen, posterior",4.0923
"Y LM80 L Incisive foramen, posterior",-15.4666
"Z LM80 L Incisive foramen, posterior",-22.3648
"X LM8 Palatine, posterior, midline",-5.2443
"Y LM8 Palatine, posterior, midline",-12.7293
"Z LM8 Palatine, posterior, midline",-23.232
"X LM79 R Incisive foramen, posterior",4.4409
"Y LM79 R Incisive foramen, posterior",-13.8368
"Z LM79 R Incisive foramen, posterior",-23.742
"X LM78 L Major palatine foramen, anterior",2.9677
"Y LM78 L Major palatine foramen, anterior",-15.3754
"Z LM78 L Major palatine foramen, anterior",-22.3021
"X LM77 R Major palatine foramen, anterior",3.2496
"Y LM77 R Major palatine foramen, anterior",-13.7533
"Z LM77 R Major palatine foramen, anterior",-23.7889
"X LM76 L Major palatine foramen, posterior",-3.9456
"Y LM76 L Major palatine foramen, posterior",-14.1903
"Z LM76 L Major palatine foramen, posterior",-22.8363
"X LM75 R Major palatine foramen, posterior",-3.5723
"Y LM75 R Major palatine foramen, posterior",-12.6602
"Z LM75 R Major palatine foramen, posterior",-24.451
"X LM74 L Postpalatine torus, distal",-5.9089
"Y LM74 L Postpalatine torus, distal",-14.0357
"Z LM74 L Postpalatine torus, distal",-21.5464
"X LM73 R Postpalatine torus, distal",-5.1907
"Y LM73 R Postpalatine torus, distal",-10.7443
"Z LM73 R Postpalatine torus, distal",-24.4917
X LM72 L Most posterior point of the pterygoid hamulus,-11.2805
Y LM72 L Most posterior point of the pterygoid hamulus,-13.6836
Z LM72 L Most posterior point of the pterygoid hamulus,-21.8933
X LM71 R Most posterior point of the pterygoid hamulus,-10.2899
Y LM71 R Most posterior point of the pterygoid hamulus,-10.0623
Z LM71 R Most posterior point of the pterygoid hamulus,-25.3962
X LM70 L Most anterior point in foramen ovale,-11.3147
Y LM70 L Most anterior point in foramen ovale,-12.8799
Z LM70 L Most anterior point in foramen ovale,-22.6597
X LM7 Midline point on the concave transition between the occipital condyle and the basioccipital,-16.4392
Y LM7 Midline point on the concave transition between the occipital condyle and the basioccipital,-10.5117
Z LM7 Midline point on the concave transition between the occipital condyle and the basioccipital,-23.6605
X LM69 R Most anterior point in foramen ovale,-10.9165
Y LM69 R Most anterior point in foramen ovale,-10.5708
Z LM69 R Most anterior point in foramen ovale,-24.7716
X LM68 L Most posterior point in foramen ovale,-12.0726
Y LM68 L Most posterior point in foramen ovale,-12.7937
Z LM68 L Most posterior point in foramen ovale,-22.5557
X LM67 R Most posterior point in foramen ovale,-11.5742
Y LM67 R Most posterior point in foramen ovale,-10.4069
Z LM67 R Most posterior point in foramen ovale,-24.8281
X LM66 L Most anterior point of the basioccipital,-13.864
Y LM66 L Most anterior point of the basioccipital,-11.6861
Z LM66 L Most anterior point of the basioccipital,-22.7466
X LM65 R Most anterior point of the basioccipital,-13.5466
Y LM65 R Most anterior point of the basioccipital,-10.2087
Z LM65 R Most anterior point of the basioccipital,-24.2
X LM64 L Most anterior point in jugular foramen,-16.4151
Y LM64 L Most anterior point in jugular foramen,-12.2729
Z LM64 L Most anterior point in jugular foramen,-22.0831
X LM63 R Most anterior point in jugular foramen,-15.8003
Y LM63 R Most anterior point in jugular foramen,-8.9025
Z LM63 R Most anterior point in jugular foramen,-25.3432
X LM62 L Most mesial point in hypoglossal foramen,-17.1403
Y LM62 L Most mesial point in hypoglossal foramen,-12.081
Z LM62 L Most mesial point in hypoglossal foramen,-22.563
X LM61 R Most mesial point in hypoglossal foramen,-16.3724
Y LM61 R Most mesial point in hypoglossal foramen,-9.3662
Z LM61 R Most mesial point in hypoglossal foramen,-25.0804
"X LM60 L Paracondylar process of the exoccipital, ventral",-18.2144
"Y LM60 L Paracondylar process of the exoccipital, ventral",-13.0411
"Z LM60 L Paracondylar process of the exoccipital, ventral",-21.1104
"X LM6 Ventral lip of foramen magnum, midline",-16.8754
"Y LM6 Ventral lip of foramen magnum, midline",-10.3601
"Z LM6 Ventral lip of foramen magnum, midline",-23.5969
"X LM59 R Paracondylar process of the exoccipital, ventral",-16.7038
"Y LM59 R Paracondylar process of the exoccipital, ventral",-7.4993
"Z LM59 R Paracondylar process of the exoccipital, ventral",-26.1316
X LM58 L Most dorsal point of the occipital condyle,-19.6909
Y LM58 L Most dorsal point of the occipital condyle,-13.9962
Z LM58 L Most dorsal point of the occipital condyle,-23.3897
X LM57 R Most dorsal point of the occipital condyle,-18.5293
Y LM57 R Most dorsal point of the occipital condyle,-9.4068
Z LM57 R Most dorsal point of the occipital condyle,-27.8833
X LM56 L Maximum concavity in distal of foramen magnum (most dorso-mesial point in occipital condyle),-19.9272
Y LM56 L Maximum concavity in distal of foramen magnum (most dorso-mesial point in occipital condyle),-13.4819
Z LM56 L Maximum concavity in distal of foramen magnum (most dorso-mesial point in occipital condyle),-23.5674
X LM55 R Maximum concavity in distal of foramen magnum (most dorso-mesial point in occipital condyle),-18.9103
Y LM55 R Maximum concavity in distal of foramen magnum (most dorso-mesial point in occipital condyle),-9.5633
Z LM55 R Maximum concavity in distal of foramen magnum (most dorso-mesial point in occipital condyle),-27.3479
X LM54 L Supraoccipital-petrosal-squamosal intersection on nuchal crest,-19.439
Y LM54 L Supraoccipital-petrosal-squamosal intersection on nuchal crest,-15.7515
Z LM54 L Supraoccipital-petrosal-squamosal intersection on nuchal crest,-23.8627
X LM53 R Supraoccipital-petrosal-squamosal intersection on nuchal crest,-18.0683
Y LM53 R Supraoccipital-petrosal-squamosal intersection on nuchal crest,-10.2014
Z LM53 R Supraoccipital-petrosal-squamosal intersection on nuchal crest,-29.5125
"X LM52 L Posttympanic process, maximum distal convexity",-16.9396
"Y LM52 L Posttympanic process, maximum distal convexity",-15.9482
"Z LM52 L Posttympanic process, maximum distal convexity",-20.1922
"X LM51 R Posttympanic process, maximum distal convexity",-14.7777
"Y LM51 R Posttympanic process, maximum distal convexity",-7.018
"Z LM51 R Posttympanic process, maximum distal convexity",-28.8317
"X LM50 L Suprameatal foramen, posterior",-16.8527
"Y LM50 L Suprameatal foramen, posterior",-16.2214
"Z LM50 L Suprameatal foramen, posterior",-21.4332
"X LM5 Dorsal lip of foramen magnum, midline",-20.0131
"Y LM5 Dorsal lip of foramen magnum, midline",-12.6525
"Z LM5 Dorsal lip of foramen magnum, midline",-26.8917
"X LM49 L Suprameatal foramen, anterior",-15.7956
"Y LM49 L Suprameatal foramen, anterior",-16.4792
"Z LM49 L Suprameatal foramen, anterior",-20.829
"X LM48 R Suprameatal foramen, posterior",-15.186
"Y LM48 R Suprameatal foramen, posterior",-8.012
"Z LM48 R Suprameatal foramen, posterior",-29.0766
"X LM47 R Suprameatal foramen, anterior",-14.0116
"Y LM47 R Suprameatal foramen, anterior",-8.0628
"Z LM47 R Suprameatal foramen, anterior",-29.1472
"X LM46 L Postglenoid process, ventral",-14.0718
"Y LM46 L Postglenoid process, ventral",-16.4501
"Z LM46 L Postglenoid process, ventral",-19.4919
"X LM45 R Postglenoid process, ventral",-11.8627
"Y LM45 R Postglenoid process, ventral",-7.1339
"Z LM45 R Postglenoid process, ventral",-28.4183
"X LM44 L Maximum concavity in the posterio-ventral side of zygomatic arch, in alisphenoid",-12.4305
"Y LM44 L Maximum concavity in the posterio-ventral side of zygomatic arch, in alisphenoid",-16.5108
"Z LM44 L Maximum concavity in the posterio-ventral side of zygomatic arch, in alisphenoid",-20.7161
"X LM43 R Maximum concavity in the posterio-ventral side of zygomatic arch, in alisphenoid",-10.4501
"Y LM43 R Maximum concavity in the posterio-ventral side of zygomatic arch, in alisphenoid",-8.6218
"Z LM43 R Maximum concavity in the posterio-ventral side of zygomatic arch, in alisphenoid",-28.3731
X LM42 L Most lateral point in the jugular-maxillary suture,-3.9855
Y LM42 L Most lateral point in the jugular-maxillary suture,-16.8231
Z LM42 L Most lateral point in the jugular-maxillary suture,-19.0538
X LM41 R Most lateral point in the jugular-maxillary suture,-1.9575
Y LM41 R Most lateral point in the jugular-maxillary suture,-9.0437
Z LM41 R Most lateral point in the jugular-maxillary suture,-26.5955
X LM40 L Most posterior point in the jugal-maxillary suture (zygomatic arch),-4.5589
Y LM40 L Most posterior point in the jugal-maxillary suture (zygomatic arch),-16.4199
Z LM40 L Most posterior point in the jugal-maxillary suture (zygomatic arch),-19.6141
"X LM4 External occipital protuberance, nuchal crest, midline",-18.7989
"Y LM4 External occipital protuberance, nuchal crest, midline",-14.9793
"Z LM4 External occipital protuberance, nuchal crest, midline",-29.0274
X LM39 R Most posterior point in the jugal-maxillary suture (zygomatic arch),-2.9351
Y LM39 R Most posterior point in the jugal-maxillary suture (zygomatic arch),-9.1832
Z LM39 R Most posterior point in the jugal-maxillary suture (zygomatic arch),-26.374
X LM38 L Most posterior point in fourth molar neck,-4.7058
Y LM38 L Most posterior point in fourth molar neck,-15.2655
Z LM38 L Most posterior point in fourth molar neck,-19.9918
X LM37 R Most posterior point in fourth molar neck,-3.503
Y LM37 R Most posterior point in fourth molar neck,-9.6527
Z LM37 R Most posterior point in fourth molar neck,-25.3376
X LM36 L Most posterior point in antero-ventral lacrimal foramen,-3.1635
Y LM36 L Most posterior point in antero-ventral lacrimal foramen,-18.702
Z LM36 L Most posterior point in antero-ventral lacrimal foramen,-21.3848
X LM35 L Most anterior point in antero-ventral lacrimal foramen,-2.2404
Y LM35 L Most anterior point in antero-ventral lacrimal foramen,-18.7184
Z LM35 L Most anterior point in antero-ventral lacrimal foramen,-21.2896
X LM34 R Most posterior point in antero-ventral lacrimal foramen,-1.5671
Y LM34 R Most posterior point in antero-ventral lacrimal foramen,-11.4601
Z LM34 R Most posterior point in antero-ventral lacrimal foramen,-28.4564
X LM33 R Most anterior point in antero-ventral lacrimal foramen,-0.442
Y LM33 R Most anterior point in antero-ventral lacrimal foramen,-11.4913
Z LM33 R Most anterior point in antero-ventral lacrimal foramen,-28.2542
X LM32 L Most dorsal point of infraorbital foramen,-0.496
Y LM32 L Most dorsal point of infraorbital foramen,-17.8619
Z LM32 L Most dorsal point of infraorbital foramen,-21.2069
X LM31 L Most ventral point of infraorbital foramen,0.6309
Y LM31 L Most ventral point of infraorbital foramen,-16.5695
Z LM31 L Most ventral point of infraorbital foramen,-20.4875
X LM30 R Most dorsal point of infraorbital foramen,0.815
Y LM30 R Most dorsal point of infraorbital foramen,-11.5706
Z LM30 R Most dorsal point of infraorbital foramen,-26.9484
"X LM3 frontal-parietal suture, midline",-11.3535
"Y LM3 frontal-parietal suture, midline",-16.8273
"Z LM3 frontal-parietal suture, midline",-29.0017
X LM29 R Most ventral point of infraorbital foramen,1.7389
Y LM29 R Most ventral point of infraorbital foramen,-11.3942
Z LM29 R Most ventral point of infraorbital foramen,-25.4674
X LM28 L Most antero-distal point in upper first molar neck,1.712
Y LM28 L Most antero-distal point in upper first molar neck,-16.1663
Z LM28 L Most antero-distal point in upper first molar neck,-20.1844
X LM27 R Most antero-distal point in upper first molar neck,2.8688
Y LM27 R Most antero-distal point in upper first molar neck,-11.3903
Z LM27 R Most antero-distal point in upper first molar neck,-24.7252
X LM26 L Most posterio-distal point in upper canine neck,5.3387
Y LM26 L Most posterio-distal point in upper canine neck,-16.553
Z LM26 L Most posterio-distal point in upper canine neck,-21.0518
X LM25 R Most posterio-distal point in upper canine neck,6.1064
Y LM25 R Most posterio-distal point in upper canine neck,-12.9132
Z LM25 R Most posterio-distal point in upper canine neck,-24.2399
"X LM24 L Frontolacrimal suture, on postorbital process, dorsal",-4.7891
"Y LM24 L Frontolacrimal suture, on postorbital process, dorsal",-19.1566
"Z LM24 L Frontolacrimal suture, on postorbital process, dorsal",-24.1493
"X LM23 R Frontolacrimal suture, on postorbital process, dorsal",-3.1798
"Y LM23 R Frontolacrimal suture, on postorbital process, dorsal",-13.7059
"Z LM23 R Frontolacrimal suture, on postorbital process, dorsal",-29.3758
X LM22 L Frontal-maxillary-lacrimal intersection,-2.7916
Y LM22 L Frontal-maxillary-lacrimal intersection,-19.0989
Z LM22 L Frontal-maxillary-lacrimal intersection,-24.2929
X LM21 R Frontal-maxillary-lacrimal intersection,-1.5246
Y LM21 R Frontal-maxillary-lacrimal intersection,-14.4085
Z LM21 R Frontal-maxillary-lacrimal intersection,-28.781
X LM20 L Frontal-maxillary-nasal intersection,-1.1438
Y LM20 L Frontal-maxillary-nasal intersection,-18.5095
Z LM20 L Frontal-maxillary-nasal intersection,-24.7271
"X LM2 Nasal-frontal suture, midline",-2.0403
"Y LM2 Nasal-frontal suture, midline",-16.9381
"Z LM2 Nasal-frontal suture, midline",-26.7717
X LM19 R Frontal-maxillary-nasal intersection,-0.3393
Y LM19 R Frontal-maxillary-nasal intersection,-15.3712
Z LM19 R Frontal-maxillary-nasal intersection,-27.8295
"X LM18 L Premaxillary-maxillary suture, posterior end in dorsal view",3.1422
"Y LM18 L Premaxillary-maxillary suture, posterior end in dorsal view",-17.6396
"Z LM18 L Premaxillary-maxillary suture, posterior end in dorsal view",-24.4742
"X LM17 R Premaxillary-maxillary suture, posterior end in dorsal view",3.5255
"Y LM17 R Premaxillary-maxillary suture, posterior end in dorsal view",-15.8896
"Z LM17 R Premaxillary-maxillary suture, posterior end in dorsal view",-26.1679
"X LM16 L Premaxillary-maxillary suture, anterior, lateral end",7.3883
"Y LM16 L Premaxillary-maxillary suture, anterior, lateral end",-16.4024
"Z LM16 L Premaxillary-maxillary suture, anterior, lateral end",-21.0601
"X LM15 R Premaxillary-maxillary suture, anterior, lateral end",8.0843
"Y LM15 R Premaxillary-maxillary suture, anterior, lateral end",-13.5702
"Z LM15 R Premaxillary-maxillary suture, anterior, lateral end",-23.8616
X LM14 L Maximum concavity on anterior of premaxillary,9.4029
Y LM14 L Maximum concavity on anterior of premaxillary,-15.9967
Z LM14 L Maximum concavity on anterior of premaxillary,-21.5235
X LM13 R Maximum concavity on anterior of premaxillary,9.6778
Y LM13 R Maximum concavity on anterior of premaxillary,-14.394
Z LM13 R Maximum concavity on anterior of premaxillary,-23.2077
"X LM12 L Nasal-premaxillary suture, anterior (on nasal)",8.9175
"Y LM12 L Nasal-premaxillary suture, anterior (on nasal)",-17.2535
"Z LM12 L Nasal-premaxillary suture, anterior (on nasal)",-22.5473
"X LM11 R Nasal-premaxillary suture, anterior (on nasal)",9.2499
"Y LM11 R Nasal-premaxillary suture, anterior (on nasal)",-15.5722
"Z LM11 R Nasal-premaxillary suture, anterior (on nasal)",-24.3095
X LM10 Midline point on the premaxilla at the inferior tip of the bony septum between the upper central incisors,9.8739
Y LM10 Midline point on the premaxilla at the inferior tip of the bony septum between the upper central incisors,-15.0597
Z LM10 Midline point on the premaxilla at the inferior tip of the bony septum between the upper central incisors,-21.9679
"X LM1 Nasal, anterior, midline",7.8985
"Y LM1 Nasal, anterior, midline",-16.5888
"Z LM1 Nasal, anterior, midline",-24.0069
"X CUR LM8 to LM9, midline (8) 8",3.1675
"Y CUR LM8 to LM9, midline (8) 8",-14.7143
"Z CUR LM8 to LM9, midline (8) 8",-23.2439
"X CUR LM8 to LM9, midline (8) 7",2.0893
"Y CUR LM8 to LM9, midline (8) 7",-14.7359
"Z CUR LM8 to LM9, midline (8) 7",-23.5373
"X CUR LM8 to LM9, midline (8) 6",0.9989
"Y CUR LM8 to LM9, midline (8) 6",-14.5854
"Z CUR LM8 to LM9, midline (8) 6",-23.6773
"X CUR LM8 to LM9, midline (8) 5",-0.0908
"Y CUR LM8 to LM9, midline (8) 5",-14.4377
"Z CUR LM8 to LM9, midline (8) 5",-23.7468
"X CUR LM8 to LM9, midline (8) 4",-1.1776
"Y CUR LM8 to LM9, midline (8) 4",-14.2542
"Z CUR LM8 to LM9, midline (8) 4",-23.8544
"X CUR LM8 to LM9, midline (8) 3",-2.2444
"Y CUR LM8 to LM9, midline (8) 3",-13.97
"Z CUR LM8 to LM9, midline (8) 3",-23.8083
"X CUR LM8 to LM9, midline (8) 2",-3.2773
"Y CUR LM8 to LM9, midline (8) 2",-13.6528
"Z CUR LM8 to LM9, midline (8) 2",-23.7154
"X CUR LM8 to LM9, midline (8) 1",-4.3034
"Y CUR LM8 to LM9, midline (8) 1",-13.2634
"Z CUR LM8 to LM9, midline (8) 1",-23.5516
"X CUR LM65 to LM66, basioccipital-basisphenoid suture (3) 3",-13.768
"Y CUR LM65 to LM66, basioccipital-basisphenoid suture (3) 3",-11.5699
"Z CUR LM65 to LM66, basioccipital-basisphenoid suture (3) 3",-23.2847
"X CUR LM65 to LM66, basioccipital-basisphenoid suture (3) 2",-13.7038
"Y CUR LM65 to LM66, basioccipital-basisphenoid suture (3) 2",-11.2063
"Z CUR LM65 to LM66, basioccipital-basisphenoid suture (3) 2",-23.6743
"X CUR LM65 to LM66, basioccipital-basisphenoid suture (3) 1",-13.6329
"Y CUR LM65 to LM66, basioccipital-basisphenoid suture (3) 1",-10.7601
"Z CUR LM65 to LM66, basioccipital-basisphenoid suture (3) 1",-24.0497
"X CUR LM64 to LM66, petrosal-basioccipital ridge (3) 3",-14.4916
"Y CUR LM64 to LM66, petrosal-basioccipital ridge (3) 3",-11.9191
"Z CUR LM64 to LM66, petrosal-basioccipital ridge (3) 3",-22.5732
"X CUR LM64 to LM66, petrosal-basioccipital ridge (3) 2",-15.1276
"Y CUR LM64 to LM66, petrosal-basioccipital ridge (3) 2",-12.0396
"Z CUR LM64 to LM66, petrosal-basioccipital ridge (3) 2",-22.408
"X CUR LM64 to LM66, petrosal-basioccipital ridge (3) 1",-15.785
"Y CUR LM64 to LM66, petrosal-basioccipital ridge (3) 1",-12.1386
"Z CUR LM64 to LM66, petrosal-basioccipital ridge (3) 1",-22.2204
"X CUR LM63 to LM65, petrosal-basioccipital ridge (3) 3",-14.082
"Y CUR LM63 to LM65, petrosal-basioccipital ridge (3) 3",-9.8593
"Z CUR LM63 to LM65, petrosal-basioccipital ridge (3) 3",-24.5689
"X CUR LM63 to LM65, petrosal-basioccipital ridge (3) 2",-14.6515
"Y CUR LM63 to LM65, petrosal-basioccipital ridge (3) 2",-9.4958
"Z CUR LM63 to LM65, petrosal-basioccipital ridge (3) 2",-24.8085
"X CUR LM63 to LM65, petrosal-basioccipital ridge (3) 1",-15.2703
"Y CUR LM63 to LM65, petrosal-basioccipital ridge (3) 1",-9.1648
"Z CUR LM63 to LM65, petrosal-basioccipital ridge (3) 1",-25.0197
"X CUR LM62 to LM64, shortest distance (2) 2",-16.7111
"Y CUR LM62 to LM64, shortest distance (2) 2",-12.301
"Z CUR LM62 to LM64, shortest distance (2) 2",-22.3171
"X CUR LM62 to LM64, shortest distance (2) 1",-16.9412
"Y CUR LM62 to LM64, shortest distance (2) 1",-12.2724
"Z CUR LM62 to LM64, shortest distance (2) 1",-22.4812
"X CUR LM61 to LM63, shortest distance (2) 2",-15.9989
"Y CUR LM61 to LM63, shortest distance (2) 2",-9.1555
"Z CUR LM61 to LM63, shortest distance (2) 2",-25.3106
"X CUR LM61 to LM63, shortest distance (2) 1",-16.2072
"Y CUR LM61 to LM63, shortest distance (2) 1",-9.279
"Z CUR LM61 to LM63, shortest distance (2) 1",-25.2555
"X CUR LM58 to LM7, edge of occipital condyle (5) 5",-16.9356
"Y CUR LM58 to LM7, edge of occipital condyle (5) 5",-11.2279
"Z CUR LM58 to LM7, edge of occipital condyle (5) 5",-22.9727
"X CUR LM58 to LM7, edge of occipital condyle (5) 4",-17.474
"Y CUR LM58 to LM7, edge of occipital condyle (5) 4",-11.9967
"Z CUR LM58 to LM7, edge of occipital condyle (5) 4",-22.4661
"X CUR LM58 to LM7, edge of occipital condyle (5) 3",-18.1302
"Y CUR LM58 to LM7, edge of occipital condyle (5) 3",-12.6617
"Z CUR LM58 to LM7, edge of occipital condyle (5) 3",-21.9944
"X CUR LM58 to LM7, edge of occipital condyle (5) 2",-18.984
"Y CUR LM58 to LM7, edge of occipital condyle (5) 2",-13.2539
"Z CUR LM58 to LM7, edge of occipital condyle (5) 2",-21.8278
"X CUR LM58 to LM7, edge of occipital condyle (5) 1",-19.5507
"Y CUR LM58 to LM7, edge of occipital condyle (5) 1",-13.8435
"Z CUR LM58 to LM7, edge of occipital condyle (5) 1",-22.4218
"X CUR LM57 to LM7, edge of occipital condyle (5) 5",-16.4304
"Y CUR LM57 to LM7, edge of occipital condyle (5) 5",-9.7671
"Z CUR LM57 to LM7, edge of occipital condyle (5) 5",-24.4455
"X CUR LM57 to LM7, edge of occipital condyle (5) 4",-16.6316
"Y CUR LM57 to LM7, edge of occipital condyle (5) 4",-9.1475
"Z CUR LM57 to LM7, edge of occipital condyle (5) 4",-25.2714
"X CUR LM57 to LM7, edge of occipital condyle (5) 3",-17.069
"Y CUR LM57 to LM7, edge of occipital condyle (5) 3",-8.6121
"Z CUR LM57 to LM7, edge of occipital condyle (5) 3",-26.0355
"X CUR LM57 to LM7, edge of occipital condyle (5) 2",-17.6239
"Y CUR LM57 to LM7, edge of occipital condyle (5) 2",-8.1798
"Z CUR LM57 to LM7, edge of occipital condyle (5) 2",-26.8162
"X CUR LM57 to LM7, edge of occipital condyle (5) 1",-18.2144
"Y CUR LM57 to LM7, edge of occipital condyle (5) 1",-8.482
"Z CUR LM57 to LM7, edge of occipital condyle (5) 1",-27.6134
"X CUR LM56 to LM6, edge of foramen magnum (5) 5",-17.5382
"Y CUR LM56 to LM6, edge of foramen magnum (5) 5",-10.6319
"Z CUR LM56 to LM6, edge of foramen magnum (5) 5",-22.931
"X CUR LM56 to LM6, edge of foramen magnum (5) 4",-18.1481
"Y CUR LM56 to LM6, edge of foramen magnum (5) 4",-11.1996
"Z CUR LM56 to LM6, edge of foramen magnum (5) 4",-22.3554
"X CUR LM56 to LM6, edge of foramen magnum (5) 3",-18.8975
"Y CUR LM56 to LM6, edge of foramen magnum (5) 3",-11.7272
"Z CUR LM56 to LM6, edge of foramen magnum (5) 3",-22.0934
"X CUR LM56 to LM6, edge of foramen magnum (5) 2",-19.7709
"Y CUR LM56 to LM6, edge of foramen magnum (5) 2",-12.2274
"Z CUR LM56 to LM6, edge of foramen magnum (5) 2",-22.235
"X CUR LM56 to LM6, edge of foramen magnum (5) 1",-20.1511
"Y CUR LM56 to LM6, edge of foramen magnum (5) 1",-12.9931
"Z CUR LM56 to LM6, edge of foramen magnum (5) 1",-22.7641
"X CUR LM56 to LM58, edge of occipital condyle (1)",-19.7915
"Y CUR LM56 to LM58, edge of occipital condyle (1)",-13.7355
"Z CUR LM56 to LM58, edge of occipital condyle (1)",-23.528
"X CUR LM55 to LM6, edge fo foramen magnum (5) 5",-17.3259
"Y CUR LM55 to LM6, edge fo foramen magnum (5) 5",-9.5779
"Z CUR LM55 to LM6, edge fo foramen magnum (5) 5",-23.9987
"X CUR LM55 to LM6, edge fo foramen magnum (5) 4",-17.7466
"Y CUR LM55 to LM6, edge fo foramen magnum (5) 4",-8.8616
"Z CUR LM55 to LM6, edge fo foramen magnum (5) 4",-24.5174
"X CUR LM55 to LM6, edge fo foramen magnum (5) 3",-18.2446
"Y CUR LM55 to LM6, edge fo foramen magnum (5) 3",-8.4988
"Z CUR LM55 to LM6, edge fo foramen magnum (5) 3",-25.2314
"X CUR LM55 to LM6, edge fo foramen magnum (5) 2",-18.9148
"Y CUR LM55 to LM6, edge fo foramen magnum (5) 2",-8.4357
"Z CUR LM55 to LM6, edge fo foramen magnum (5) 2",-25.9043
"X CUR LM55 to LM6, edge fo foramen magnum (5) 1",-19.1447
"Y CUR LM55 to LM6, edge fo foramen magnum (5) 1",-8.8
"Z CUR LM55 to LM6, edge fo foramen magnum (5) 1",-26.735
"X CUR LM55 to LM57, edge of occipital condyle (1)",-18.7869
"Y CUR LM55 to LM57, edge of occipital condyle (1)",-9.5208
"Z CUR LM55 to LM57, edge of occipital condyle (1)",-27.6402
"X CUR LM54 to LM52, edge of nuchal crest (4) 4",-17.4131
"Y CUR LM54 to LM52, edge of nuchal crest (4) 4",-16.1244
"Z CUR LM54 to LM52, edge of nuchal crest (4) 4",-20.9273
"X CUR LM54 to LM52, edge of nuchal crest (4) 3",-17.8617
"Y CUR LM54 to LM52, edge of nuchal crest (4) 3",-16.207
"Z CUR LM54 to LM52, edge of nuchal crest (4) 3",-21.7154
"X CUR LM54 to LM52, edge of nuchal crest (4) 2",-18.4747
"Y CUR LM54 to LM52, edge of nuchal crest (4) 2",-16.2316
"Z CUR LM54 to LM52, edge of nuchal crest (4) 2",-22.3746
"X CUR LM54 to LM52, edge of nuchal crest (4) 1",-19.0479
"Y CUR LM54 to LM52, edge of nuchal crest (4) 1",-16.0593
"Z CUR LM54 to LM52, edge of nuchal crest (4) 1",-23.085
"X CUR LM53 to LM51, edge of nuchal crest (4) 4",-15.4869
"Y CUR LM53 to LM51, edge of nuchal crest (4) 4",-7.5409
"Z CUR LM53 to LM51, edge of nuchal crest (4) 4",-29.1478
"X CUR LM53 to LM51, edge of nuchal crest (4) 3",-16.1741
"Y CUR LM53 to LM51, edge of nuchal crest (4) 3",-8.172
"Z CUR LM53 to LM51, edge of nuchal crest (4) 3",-29.3107
"X CUR LM53 to LM51, edge of nuchal crest (4) 2",-16.8777
"Y CUR LM53 to LM51, edge of nuchal crest (4) 2",-8.7759
"Z CUR LM53 to LM51, edge of nuchal crest (4) 2",-29.5046
"X CUR LM53 to LM51, edge of nuchal crest (4) 1",-17.5524
"Y CUR LM53 to LM51, edge of nuchal crest (4) 1",-9.4257
"Z CUR LM53 to LM51, edge of nuchal crest (4) 1",-29.4773
"X CUR LM52 to LM60, edge of nuchal crest and shortest distance to paracondylar process (3) 3",-17.8022
"Y CUR LM52 to LM60, edge of nuchal crest and shortest distance to paracondylar process (3) 3",-13.7821
"Z CUR LM52 to LM60, edge of nuchal crest and shortest distance to paracondylar process (3) 3",-20.9726
"X CUR LM52 to LM60, edge of nuchal crest and shortest distance to paracondylar process (3) 2",-17.4552
"Y CUR LM52 to LM60, edge of nuchal crest and shortest distance to paracondylar process (3) 2",-14.5015
"Z CUR LM52 to LM60, edge of nuchal crest and shortest distance to paracondylar process (3) 2",-20.7562
"X CUR LM52 to LM60, edge of nuchal crest and shortest distance to paracondylar process (3) 1",-17.1193
"Y CUR LM52 to LM60, edge of nuchal crest and shortest distance to paracondylar process (3) 1",-15.2153
"Z CUR LM52 to LM60, edge of nuchal crest and shortest distance to paracondylar process (3) 1",-20.5472
"X CUR LM51 to LM59, edge of nuchal crest and shortest distance to paracondylar process (3) 3",-16.1701
"Y CUR LM51 to LM59, edge of nuchal crest and shortest distance to paracondylar process (3) 3",-7.3695
"Z CUR LM51 to LM59, edge of nuchal crest and shortest distance to paracondylar process (3) 3",-26.7363
"X CUR LM51 to LM59, edge of nuchal crest and shortest distance to paracondylar process (3) 2",-15.6533
"Y CUR LM51 to LM59, edge of nuchal crest and shortest distance to paracondylar process (3) 2",-7.2721
"Z CUR LM51 to LM59, edge of nuchal crest and shortest distance to paracondylar process (3) 2",-27.399
"X CUR LM51 to LM59, edge of nuchal crest and shortest distance to paracondylar process (3) 1",-15.1956
"Y CUR LM51 to LM59, edge of nuchal crest and shortest distance to paracondylar process (3) 1",-7.1525
"Z CUR LM51 to LM59, edge of nuchal crest and shortest distance to paracondylar process (3) 1",-28.0889
"X CUR LM5 to LM56, edge of foramen magnum (3) 3",-20.1225
"Y CUR LM5 to LM56, edge of foramen magnum (3) 3",-13.4492
"Z CUR LM5 to LM56, edge of foramen magnum (3) 3",-24.4636
"X CUR LM5 to LM56, edge of foramen magnum (3) 2",-20.1419
"Y CUR LM5 to LM56, edge of foramen magnum (3) 2",-13.4614
"Z CUR LM5 to LM56, edge of foramen magnum (3) 2",-25.3662
"X CUR LM5 to LM56, edge of foramen magnum (3) 1",-20.0835
"Y CUR LM5 to LM56, edge of foramen magnum (3) 1",-13.2889
"Z CUR LM5 to LM56, edge of foramen magnum (3) 1",-26.2603
"X CUR LM5 to LM55, edge of foramen magnum (3) 3",-19.2225
"Y CUR LM5 to LM55, edge of foramen magnum (3) 3",-10.3883
"Z CUR LM5 to LM55, edge of foramen magnum (3) 3",-27.538
"X CUR LM5 to LM55, edge of foramen magnum (3) 2",-19.6647
"Y CUR LM5 to LM55, edge of foramen magnum (3) 2",-11.171
"Z CUR LM5 to LM55, edge of foramen magnum (3) 2",-27.5461
"X CUR LM5 to LM55, edge of foramen magnum (3) 1",-19.7684
"Y CUR LM5 to LM55, edge of foramen magnum (3) 1",-12.0273
"Z CUR LM5 to LM55, edge of foramen magnum (3) 1",-27.4114
"X CUR LM46 to LM49, distal edge and shortest distance (3) 3",-15.3825
"Y CUR LM46 to LM49, distal edge and shortest distance (3) 3",-16.4844
"Z CUR LM46 to LM49, distal edge and shortest distance (3) 3",-20.473
"X CUR LM46 to LM49, distal edge and shortest distance (3) 2",-14.8942
"Y CUR LM46 to LM49, distal edge and shortest distance (3) 2",-16.5402
"Z CUR LM46 to LM49, distal edge and shortest distance (3) 2",-20.2292
"X CUR LM46 to LM49, distal edge and shortest distance (3) 1",-14.4652
"Y CUR LM46 to LM49, distal edge and shortest distance (3) 1",-16.5177
"Z CUR LM46 to LM49, distal edge and shortest distance (3) 1",-19.8744
"X CUR LM45 to LM47, distal edge and shortest distance (3) 3",-13.5078
"Y CUR LM45 to LM47, distal edge and shortest distance (3) 3",-7.6994
"Z CUR LM45 to LM47, distal edge and shortest distance (3) 3",-28.9512
"X CUR LM45 to LM47, distal edge and shortest distance (3) 2",-12.8825
"Y CUR LM45 to LM47, distal edge and shortest distance (3) 2",-7.622
"Z CUR LM45 to LM47, distal edge and shortest distance (3) 2",-28.92
"X CUR LM45 to LM47, distal edge and shortest distance (3) 1",-12.3137
"Y CUR LM45 to LM47, distal edge and shortest distance (3) 1",-7.3653
"Z CUR LM45 to LM47, distal edge and shortest distance (3) 1",-28.8272
"X CUR LM42 to LM40, jugal-maxillary suture (2) 2",-4.5456
"Y CUR LM42 to LM40, jugal-maxillary suture (2) 2",-16.4824
"Z CUR LM42 to LM40, jugal-maxillary suture (2) 2",-19.2832
"X CUR LM42 to LM40, jugal-maxillary suture (2) 1",-4.3304
"Y CUR LM42 to LM40, jugal-maxillary suture (2) 1",-16.6466
"Z CUR LM42 to LM40, jugal-maxillary suture (2) 1",-19.0362
"X CUR LM41 to LM39, jugal-maxillary suture (2) 2",-2.6413
"Y CUR LM41 to LM39, jugal-maxillary suture (2) 2",-9.0308
"Z CUR LM41 to LM39, jugal-maxillary suture (2) 2",-26.3702
"X CUR LM41 to LM39, jugal-maxillary suture (2) 1",-2.2979
"Y CUR LM41 to LM39, jugal-maxillary suture (2) 1",-8.9446
"Z CUR LM41 to LM39, jugal-maxillary suture (2) 1",-26.4416
"X CUR LM4 to LM54, edge of nuchal crest (4) 4",-19.5087
"Y CUR LM4 to LM54, edge of nuchal crest (4) 4",-16.1905
"Z CUR LM4 to LM54, edge of nuchal crest (4) 4",-24.9257
"X CUR LM4 to LM54, edge of nuchal crest (4) 3",-19.5463
"Y CUR LM4 to LM54, edge of nuchal crest (4) 3",-16.3194
"Z CUR LM4 to LM54, edge of nuchal crest (4) 3",-26.0514
"X CUR LM4 to LM54, edge of nuchal crest (4) 2",-19.5535
"Y CUR LM4 to LM54, edge of nuchal crest (4) 2",-16.1713
"Z CUR LM4 to LM54, edge of nuchal crest (4) 2",-27.211
"X CUR LM4 to LM54, edge of nuchal crest (4) 1",-19.1308
"Y CUR LM4 to LM54, edge of nuchal crest (4) 1",-15.6823
"Z CUR LM4 to LM54, edge of nuchal crest (4) 1",-28.1658
"X CUR LM4 to LM53, edge of nuchal crest (4) 4",-18.5114
"Y CUR LM4 to LM53, edge of nuchal crest (4) 4",-11.1035
"Z CUR LM4 to LM53, edge of nuchal crest (4) 4",-29.9028
"X CUR LM4 to LM53, edge of nuchal crest (4) 3",-18.8116
"Y CUR LM4 to LM53, edge of nuchal crest (4) 3",-12.0898
"Z CUR LM4 to LM53, edge of nuchal crest (4) 3",-30.1286
"X CUR LM4 to LM53, edge of nuchal crest (4) 2",-19.0565
"Y CUR LM4 to LM53, edge of nuchal crest (4) 2",-13.1202
"Z CUR LM4 to LM53, edge of nuchal crest (4) 2",-30.0478
"X CUR LM4 to LM53, edge of nuchal crest (4) 1",-18.9295
"Y CUR LM4 to LM53, edge of nuchal crest (4) 1",-14.146
"Z CUR LM4 to LM53, edge of nuchal crest (4) 1",-29.6636
"X CUR LM38 to LM40, along most posterior ridge of maxillary (1) 2",-4.6185
"Y CUR LM38 to LM40, along most posterior ridge of maxillary (1) 2",-16.0469
"Z CUR LM38 to LM40, along most posterior ridge of maxillary (1) 2",-19.8821
"X CUR LM38 to LM40, along most posterior ridge of maxillary (1) 1",-4.7385
"Y CUR LM38 to LM40, along most posterior ridge of maxillary (1) 1",-15.6819
"Z CUR LM38 to LM40, along most posterior ridge of maxillary (1) 1",-19.9564
"X CUR LM37 to LM39, along most posterior ridge of maxillary (1) 2",-3.1553
"Y CUR LM37 to LM39, along most posterior ridge of maxillary (1) 2",-9.3936
"Z CUR LM37 to LM39, along most posterior ridge of maxillary (1) 2",-26.0538
"X CUR LM37 to LM39, along most posterior ridge of maxillary (1) 1",-3.3564
"Y CUR LM37 to LM39, along most posterior ridge of maxillary (1) 1",-9.536
"Z CUR LM37 to LM39, along most posterior ridge of maxillary (1) 1",-25.7224
"X CUR LM36 to LM35, dorsal width of antero-ventral lacrimal foramen (1)",-2.688
"Y CUR LM36 to LM35, dorsal width of antero-ventral lacrimal foramen (1)",-19.1745
"Z CUR LM36 to LM35, dorsal width of antero-ventral lacrimal foramen (1)",-21.6927
"X CUR LM35 to LM36, ventral width of antero-ventral lacrimal foramen (1)",-2.7182
"Y CUR LM35 to LM36, ventral width of antero-ventral lacrimal foramen (1)",-18.5489
"Z CUR LM35 to LM36, ventral width of antero-ventral lacrimal foramen (1)",-21.0528
"X CUR LM34 to LM33, dorsal width of antero-ventral lacrimal foramen (1)",-0.8916
"Y CUR LM34 to LM33, dorsal width of antero-ventral lacrimal foramen (1)",-11.764
"Z CUR LM34 to LM33, dorsal width of antero-ventral lacrimal foramen (1)",-28.8092
"X CUR LM33 to LM34, ventral width of antero-ventral lacrimal foramen (1)",-0.9749
"Y CUR LM33 to LM34, ventral width of antero-ventral lacrimal foramen (1)",-11.2204
"Z CUR LM33 to LM34, ventral width of antero-ventral lacrimal foramen (1)",-28.2001
"X CUR LM32 to LM31, proximal width of infraorbital foramen (1)",0.3533
"Y CUR LM32 to LM31, proximal width of infraorbital foramen (1)",-17.2444
"Z CUR LM32 to LM31, proximal width of infraorbital foramen (1)",-21.1879
"X CUR LM31 to LM32, distal width of infraorbital foramen (1)",-0.2821
"Y CUR LM31 to LM32, distal width of infraorbital foramen (1)",-17.0805
"Z CUR LM31 to LM32, distal width of infraorbital foramen (1)",-20.5205
"X CUR LM30 to LM 29, proximal width of infraorbital foramen (1)",1.426
"Y CUR LM30 to LM 29, proximal width of infraorbital foramen (1)",-11.9259
"Z CUR LM30 to LM 29, proximal width of infraorbital foramen (1)",-26.0405
"X CUR LM3 to LM4, midline, sagittal crest (5)  5",-17.592
"Y CUR LM3 to LM4, midline, sagittal crest (5)  5",-15.4662
"Z CUR LM3 to LM4, midline, sagittal crest (5)  5",-29.1617
"X CUR LM3 to LM4, midline, sagittal crest (5)  4",-16.3623
"Y CUR LM3 to LM4, midline, sagittal crest (5)  4",-15.8802
"Z CUR LM3 to LM4, midline, sagittal crest (5)  4",-29.2363
"X CUR LM3 to LM4, midline, sagittal crest (5)  3",-15.1251
"Y CUR LM3 to LM4, midline, sagittal crest (5)  3",-16.1896
"Z CUR LM3 to LM4, midline, sagittal crest (5)  3",-29.2883
"X CUR LM3 to LM4, midline, sagittal crest (5)  2",-13.8484
"Y CUR LM3 to LM4, midline, sagittal crest (5)  2",-16.4456
"Z CUR LM3 to LM4, midline, sagittal crest (5)  2",-29.269
"X CUR LM3 to LM4, midline, sagittal crest (5)  1",-12.577
"Y CUR LM3 to LM4, midline, sagittal crest (5)  1",-16.6515
"Z CUR LM3 to LM4, midline, sagittal crest (5)  1",-29.1225
"X CUR LM29 to LM 30, distal width of infraorbital foramen (1)",1.0182
"Y CUR LM29 to LM 30, distal width of infraorbital foramen (1)",-10.9909
"Z CUR LM29 to LM 30, distal width of infraorbital foramen (1)",-26.0582
"X CUR LM28 to LM38, ventro-distal maxillary edge (3) 4",-3.7065
"Y CUR LM28 to LM38, ventro-distal maxillary edge (3) 4",-15.789
"Z CUR LM28 to LM38, ventro-distal maxillary edge (3) 4",-19.2346
"X CUR LM28 to LM38, ventro-distal maxillary edge (3) 3",-2.3156
"Y CUR LM28 to LM38, ventro-distal maxillary edge (3) 3",-15.9386
"Z CUR LM28 to LM38, ventro-distal maxillary edge (3) 3",-19.2718
"X CUR LM28 to LM38, ventro-distal maxillary edge (3) 2",-0.9401
"Y CUR LM28 to LM38, ventro-distal maxillary edge (3) 2",-16.0512
"Z CUR LM28 to LM38, ventro-distal maxillary edge (3) 2",-19.4784
"X CUR LM28 to LM38, ventro-distal maxillary edge (3) 1",0.445
"Y CUR LM28 to LM38, ventro-distal maxillary edge (3) 1",-16.1508
"Z CUR LM28 to LM38, ventro-distal maxillary edge (3) 1",-19.7389
"X CUR LM27 to LM37, ventro-distal maxillary edge (3) 4",-2.2774
"Y CUR LM27 to LM37, ventro-distal maxillary edge (3) 4",-9.1346
"Z CUR LM27 to LM37, ventro-distal maxillary edge (3) 4",-25.6605
"X CUR LM27 to LM37, ventro-distal maxillary edge (3) 3",-0.9844
"Y CUR LM27 to LM37, ventro-distal maxillary edge (3) 3",-9.5273
"Z CUR LM27 to LM37, ventro-distal maxillary edge (3) 3",-25.5309
"X CUR LM27 to LM37, ventro-distal maxillary edge (3) 2",0.3944
"Y CUR LM27 to LM37, ventro-distal maxillary edge (3) 2",-10.0555
"Z CUR LM27 to LM37, ventro-distal maxillary edge (3) 2",-25.2688
"X CUR LM27 to LM37, ventro-distal maxillary edge (3) 1",1.6644
"Y CUR LM27 to LM37, ventro-distal maxillary edge (3) 1",-10.6162
"Z CUR LM27 to LM37, ventro-distal maxillary edge (3) 1",-24.9797
"X CUR LM26 to LM28, ventro-distal maxillary edge (1) 2",2.8908
"Y CUR LM26 to LM28, ventro-distal maxillary edge (1) 2",-16.1936
"Z CUR LM26 to LM28, ventro-distal maxillary edge (1) 2",-20.636
"X CUR LM26 to LM28, ventro-distal maxillary edge (1) 1",4.0746
"Y CUR LM26 to LM28, ventro-distal maxillary edge (1) 1",-16.3173
"Z CUR LM26 to LM28, ventro-distal maxillary edge (1) 1",-20.962
"X CUR LM25 to LM27, ventro-distal maxillary edge (1) 2",3.9025
"Y CUR LM25 to LM27, ventro-distal maxillary edge (1) 2",-12.0668
"Z CUR LM25 to LM27, ventro-distal maxillary edge (1) 2",-24.4728
"X CUR LM25 to LM27, ventro-distal maxillary edge (1) 1",4.9461
"Y CUR LM25 to LM27, ventro-distal maxillary edge (1) 1",-12.5931
"Z CUR LM25 to LM27, ventro-distal maxillary edge (1) 1",-24.3017
"X CUR LM24 to LM36, postorbital process, edge of lacrimal (5) 5",-3.1513
"Y CUR LM24 to LM36, postorbital process, edge of lacrimal (5) 5",-19.1296
"Z CUR LM24 to LM36, postorbital process, edge of lacrimal (5) 5",-21.8615
"X CUR LM24 to LM36, postorbital process, edge of lacrimal (5) 4",-3.2586
"Y CUR LM24 to LM36, postorbital process, edge of lacrimal (5) 4",-19.4433
"Z CUR LM24 to LM36, postorbital process, edge of lacrimal (5) 4",-22.3549
"X CUR LM24 to LM36, postorbital process, edge of lacrimal (5) 3",-3.583
"Y CUR LM24 to LM36, postorbital process, edge of lacrimal (5) 3",-19.3765
"Z CUR LM24 to LM36, postorbital process, edge of lacrimal (5) 3",-22.8391
"X CUR LM24 to LM36, postorbital process, edge of lacrimal (5) 2",-4.0098
"Y CUR LM24 to LM36, postorbital process, edge of lacrimal (5) 2",-19.3294
"Z CUR LM24 to LM36, postorbital process, edge of lacrimal (5) 2",-23.257
"X CUR LM24 to LM36, postorbital process, edge of lacrimal (5) 1",-4.4394
"Y CUR LM24 to LM36, postorbital process, edge of lacrimal (5) 1",-19.2252
"Z CUR LM24 to LM36, postorbital process, edge of lacrimal (5) 1",-23.6552
"X CUR LM23 to LM34, postorbital process, edge of lacrimal (5) 5",-1.4005
"Y CUR LM23 to LM34, postorbital process, edge of lacrimal (5) 5",-11.8193
"Z CUR LM23 to LM34, postorbital process, edge of lacrimal (5) 5",-28.8972
"X CUR LM23 to LM34, postorbital process, edge of lacrimal (5) 4",-1.5815
"Y CUR LM23 to LM34, postorbital process, edge of lacrimal (5) 4",-12.1962
"Z CUR LM23 to LM34, postorbital process, edge of lacrimal (5) 4",-29.2352
"X CUR LM23 to LM34, postorbital process, edge of lacrimal (5) 3",-1.9372
"Y CUR LM23 to LM34, postorbital process, edge of lacrimal (5) 3",-12.6217
"Z CUR LM23 to LM34, postorbital process, edge of lacrimal (5) 3",-29.2618
"X CUR LM23 to LM34, postorbital process, edge of lacrimal (5) 2",-2.3202
"Y CUR LM23 to LM34, postorbital process, edge of lacrimal (5) 2",-12.9856
"Z CUR LM23 to LM34, postorbital process, edge of lacrimal (5) 2",-29.3403
"X CUR LM23 to LM34, postorbital process, edge of lacrimal (5) 1",-2.7411
"Y CUR LM23 to LM34, postorbital process, edge of lacrimal (5) 1",-13.3357
"Z CUR LM23 to LM34, postorbital process, edge of lacrimal (5) 1",-29.3812
"X CUR LM22 to LM24, frontal-lacrimal suture (1) 2",-4.2057
"Y CUR LM22 to LM24, frontal-lacrimal suture (1) 2",-19.2689
"Z CUR LM22 to LM24, frontal-lacrimal suture (1) 2",-24.3963
"X CUR LM22 to LM24, frontal-lacrimal suture (1) 1",-3.4937
"Y CUR LM22 to LM24, frontal-lacrimal suture (1) 1",-19.2067
"Z CUR LM22 to LM24, frontal-lacrimal suture (1) 1",-24.4364
"X CUR LM21 to LM23, frontal-lacrimal suture (1) 2",-2.6458
"Y CUR LM21 to LM23, frontal-lacrimal suture (1) 2",-14.0172
"Z CUR LM21 to LM23, frontal-lacrimal suture (1) 2",-29.2914
"X CUR LM21 to LM23, frontal-lacrimal suture (1) 1",-2.0738
"Y CUR LM21 to LM23, frontal-lacrimal suture (1) 1",-14.2049
"Z CUR LM21 to LM23, frontal-lacrimal suture (1) 1",-29.0941
"X CUR LM20 to LM22, frontal-maxillary suture (1) 2",-2.3061
"Y CUR LM20 to LM22, frontal-maxillary suture (1) 2",-18.8808
"Z CUR LM20 to LM22, frontal-maxillary suture (1) 2",-24.6045
"X CUR LM20 to LM22, frontal-maxillary suture (1) 1",-1.7137
"Y CUR LM20 to LM22, frontal-maxillary suture (1) 1",-18.6599
"Z CUR LM20 to LM22, frontal-maxillary suture (1) 1",-24.7327
"X CUR LM20 to LM2, nasal-frontal suture (3) 3",-2.2634
"Y CUR LM20 to LM2, nasal-frontal suture (3) 3",-17.5696
"Z CUR LM20 to LM2, nasal-frontal suture (3) 3",-26.305
"X CUR LM20 to LM2, nasal-frontal suture (3) 2",-1.8897
"Y CUR LM20 to LM2, nasal-frontal suture (3) 2",-18.028
"Z CUR LM20 to LM2, nasal-frontal suture (3) 2",-25.8429
"X CUR LM20 to LM2, nasal-frontal suture (3) 1",-1.4946
"Y CUR LM20 to LM2, nasal-frontal suture (3) 1",-18.3345
"Z CUR LM20 to LM2, nasal-frontal suture (3) 1",-25.3174
"X CUR LM2 to LM3, midline (3) 3",-8.9608
"Y CUR LM2 to LM3, midline (3) 3",-17.11
"Z CUR LM2 to LM3, midline (3) 3",-28.6534
"X CUR LM2 to LM3, midline (3) 2",-6.6346
"Y CUR LM2 to LM3, midline (3) 2",-17.179
"Z CUR LM2 to LM3, midline (3) 2",-28.1475
"X CUR LM2 to LM3, midline (3) 1",-4.3406
"Y CUR LM2 to LM3, midline (3) 1",-17.0479
"Z CUR LM2 to LM3, midline (3) 1",-27.4469
"X CUR LM19 to LM21, frontal-maxillary suture (1) 2",-1.2423
"Y CUR LM19 to LM21, frontal-maxillary suture (1) 2",-14.8758
"Z CUR LM19 to LM21, frontal-maxillary suture (1) 2",-28.4497
"X CUR LM19 to LM21, frontal-maxillary suture (1) 1",-0.8246
"Y CUR LM19 to LM21, frontal-maxillary suture (1) 1",-15.1617
"Z CUR LM19 to LM21, frontal-maxillary suture (1) 1",-28.1198
"X CUR LM19 to LM2, nasal-frontal suture (3) 3",-2.0077
"Y CUR LM19 to LM2, nasal-frontal suture (3) 3",-16.5001
"Z CUR LM19 to LM2, nasal-frontal suture (3) 3",-27.268
"X CUR LM19 to LM2, nasal-frontal suture (3) 2",-1.515
"Y CUR LM19 to LM2, nasal-frontal suture (3) 2",-16.2226
"Z CUR LM19 to LM2, nasal-frontal suture (3) 2",-27.5322
"X CUR LM19 to LM2, nasal-frontal suture (3) 1",-0.8484
"Y CUR LM19 to LM2, nasal-frontal suture (3) 1",-15.8758
"Z CUR LM19 to LM2, nasal-frontal suture (3) 1",-27.6724
"X CUR LM18 to LM20, nasal-maxillary suture (3) 3",-0.0725
"Y CUR LM18 to LM20, nasal-maxillary suture (3) 3",-18.2339
"Z CUR LM18 to LM20, nasal-maxillary suture (3) 3",-24.7391
"X CUR LM18 to LM20, nasal-maxillary suture (3) 2",0.9927
"Y CUR LM18 to LM20, nasal-maxillary suture (3) 2",-17.9293
"Z CUR LM18 to LM20, nasal-maxillary suture (3) 2",-24.7742
"X CUR LM18 to LM20, nasal-maxillary suture (3) 1",2.0654
"Y CUR LM18 to LM20, nasal-maxillary suture (3) 1",-17.7468
"Z CUR LM18 to LM20, nasal-maxillary suture (3) 1",-24.6655
"X CUR LM17 to LM19, nasal-maxillary suture (3) 3",0.5977
"Y CUR LM17 to LM19, nasal-maxillary suture (3) 3",-15.553
"Z CUR LM17 to LM19, nasal-maxillary suture (3) 3",-27.3563
"X CUR LM17 to LM19, nasal-maxillary suture (3) 2",1.5596
"Y CUR LM17 to LM19, nasal-maxillary suture (3) 2",-15.6999
"Z CUR LM17 to LM19, nasal-maxillary suture (3) 2",-26.9242
"X CUR LM17 to LM19, nasal-maxillary suture (3) 1",2.562
"Y CUR LM17 to LM19, nasal-maxillary suture (3) 1",-15.8086
"Z CUR LM17 to LM19, nasal-maxillary suture (3) 1",-26.5136
"X CUR LM16 to LM26, ventro-distal maxillary edge (3) 3",5.8708
"Y CUR LM16 to LM26, ventro-distal maxillary edge (3) 3",-16.5546
"Z CUR LM16 to LM26, ventro-distal maxillary edge (3) 3",-21.0791
"X CUR LM16 to LM26, ventro-distal maxillary edge (3) 2",6.3851
"Y CUR LM16 to LM26, ventro-distal maxillary edge (3) 2",-16.5341
"Z CUR LM16 to LM26, ventro-distal maxillary edge (3) 2",-21.0744
"X CUR LM16 to LM26, ventro-distal maxillary edge (3) 1",6.9286
"Y CUR LM16 to LM26, ventro-distal maxillary edge (3) 1",-16.5361
"Z CUR LM16 to LM26, ventro-distal maxillary edge (3) 1",-21.0756
"X CUR LM15 to LM25, ventro-distal maxillary edge (3) 3",6.5844
"Y CUR LM15 to LM25, ventro-distal maxillary edge (3) 3",-13.0778
"Z CUR LM15 to LM25, ventro-distal maxillary edge (3) 3",-24.2707
"X CUR LM15 to LM25, ventro-distal maxillary edge (3) 2",7.0941
"Y CUR LM15 to LM25, ventro-distal maxillary edge (3) 2",-13.2567
"Z CUR LM15 to LM25, ventro-distal maxillary edge (3) 2",-24.1796
"X CUR LM15 to LM25, ventro-distal maxillary edge (3) 1",7.5844
"Y CUR LM15 to LM25, ventro-distal maxillary edge (3) 1",-13.4208
"Z CUR LM15 to LM25, ventro-distal maxillary edge (3) 1",-24.0331
"X CUR LM14 to LM12, anterior premaxillary (3) 3",9.2639
"Y CUR LM14 to LM12, anterior premaxillary (3) 3",-17.0402
"Z CUR LM14 to LM12, anterior premaxillary (3) 3",-22.2663
"X CUR LM14 to LM12, anterior premaxillary (3) 2",9.4014
"Y CUR LM14 to LM12, anterior premaxillary (3) 2",-16.7398
"Z CUR LM14 to LM12, anterior premaxillary (3) 2",-21.9875
"X CUR LM14 to LM12, anterior premaxillary (3) 1",9.4063
"Y CUR LM14 to LM12, anterior premaxillary (3) 1",-16.4183
"Z CUR LM14 to LM12, anterior premaxillary (3) 1",-21.7035
"X CUR LM13 to LM10, anterior edge of premaxillary (3) 3",9.9632
"Y CUR LM13 to LM10, anterior edge of premaxillary (3) 3",-14.9405
"Z CUR LM13 to LM10, anterior edge of premaxillary (3) 3",-22.2731
"X CUR LM13 to LM10, anterior edge of premaxillary (3) 2",9.9384
"Y CUR LM13 to LM10, anterior edge of premaxillary (3) 2",-14.7381
"Z CUR LM13 to LM10, anterior edge of premaxillary (3) 2",-22.5858
"X CUR LM13 to LM10, anterior edge of premaxillary (3) 1",9.7576
"Y CUR LM13 to LM10, anterior edge of premaxillary (3) 1",-14.497
"Z CUR LM13 to LM10, anterior edge of premaxillary (3) 1",-22.835
"X CUR LM12 to LM18, nasal premaxillary suture (3) 3",4.3582
"Y CUR LM12 to LM18, nasal premaxillary suture (3) 3",-17.5539
"Z CUR LM12 to LM18, nasal premaxillary suture (3) 3",-24.2518
"X CUR LM12 to LM18, nasal premaxillary suture (3) 2",5.8508
"Y CUR LM12 to LM18, nasal premaxillary suture (3) 2",-17.4747
"Z CUR LM12 to LM18, nasal premaxillary suture (3) 2",-23.802
"X CUR LM12 to LM18, nasal premaxillary suture (3) 1",7.441
"Y CUR LM12 to LM18, nasal premaxillary suture (3) 1",-17.4283
"Z CUR LM12 to LM18, nasal premaxillary suture (3) 1",-23.2744
"X CUR LM12 to LM1, anterior nasal (1)",8.3898
"Y CUR LM12 to LM1, anterior nasal (1)",-17.1002
"Z CUR LM12 to LM1, anterior nasal (1)",-23.2641
"X CUR LM11 to LM17, nasal-premaxillary suture (3) 3",4.9616
"Y CUR LM11 to LM17, nasal-premaxillary suture (3) 3",-15.8902
"Z CUR LM11 to LM17, nasal-premaxillary suture (3) 3",-25.7206
"X CUR LM11 to LM17, nasal-premaxillary suture (3) 2",6.3899
"Y CUR LM11 to LM17, nasal-premaxillary suture (3) 2",-15.8911
"Z CUR LM11 to LM17, nasal-premaxillary suture (3) 2",-25.2571
"X CUR LM11 to LM17, nasal-premaxillary suture (3) 1",7.8447
"Y CUR LM11 to LM17, nasal-premaxillary suture (3) 1",-15.8033
"Z CUR LM11 to LM17, nasal-premaxillary suture (3) 1",-24.8468
"X CUR LM11 to LM13, anterior premaxillary (3) 3",9.7972
"Y CUR LM11 to LM13, anterior premaxillary (3) 3",-14.6784
"Z CUR LM11 to LM13, anterior premaxillary (3) 3",-23.5228
"X CUR LM11 to LM13, anterior premaxillary (3) 2",9.714
"Y CUR LM11 to LM13, anterior premaxillary (3) 2",-14.8739
"Z CUR LM11 to LM13, anterior premaxillary (3) 2",-23.8449
"X CUR LM11 to LM13, anterior premaxillary (3) 1",9.5727
"Y CUR LM11 to LM13, anterior premaxillary (3) 1",-15.1394
"Z CUR LM11 to LM13, anterior premaxillary (3) 1",-24.129
"X CUR LM10 to LM16, anterio-ventral edge of premaxillary (3) 4",8.0581
"Y CUR LM10 to LM16, anterio-ventral edge of premaxillary (3) 4",-16.2665
"Z CUR LM10 to LM16, anterio-ventral edge of premaxillary (3) 4",-20.9542
"X CUR LM10 to LM16, anterio-ventral edge of premaxillary (3) 3",8.7247
"Y CUR LM10 to LM16, anterio-ventral edge of premaxillary (3) 3",-16.1437
"Z CUR LM10 to LM16, anterio-ventral edge of premaxillary (3) 3",-21.0334
"X CUR LM10 to LM16, anterio-ventral edge of premaxillary (3) 2",9.3013
"Y CUR LM10 to LM16, anterio-ventral edge of premaxillary (3) 2",-15.8739
"Z CUR LM10 to LM16, anterio-ventral edge of premaxillary (3) 2",-21.164
"X CUR LM10 to LM16, anterio-ventral edge of premaxillary (3) 1",9.7896
"Y CUR LM10 to LM16, anterio-ventral edge of premaxillary (3) 1",-15.505
"Z CUR LM10 to LM16, anterio-ventral edge of premaxillary (3) 1",-21.4757
"X CUR LM10 to LM15, anterio-ventral edge of premaxillary (3) 4",8.641
"Y CUR LM10 to LM15, anterio-ventral edge of premaxillary (3) 4",-13.5682
"Z CUR LM10 to LM15, anterio-ventral edge of premaxillary (3) 4",-23.5058
"X CUR LM10 to LM15, anterio-ventral edge of premaxillary (3) 3",9.189
"Y CUR LM10 to LM15, anterio-ventral edge of premaxillary (3) 3",-13.7882
"Z CUR LM10 to LM15, anterio-ventral edge of premaxillary (3) 3",-23.219
"X CUR LM10 to LM15, anterio-ventral edge of premaxillary (3) 2",9.6941
"Y CUR LM10 to LM15, anterio-ventral edge of premaxillary (3) 2",-14.1496
"Z CUR LM10 to LM15, anterio-ventral edge of premaxillary (3) 2",-22.9209
"X CUR LM10 to LM15, anterio-ventral edge of premaxillary (3) 1",9.9027
"Y CUR LM10 to LM15, anterio-ventral edge of premaxillary (3) 1",-14.587
"Z CUR LM10 to LM15, anterio-ventral edge of premaxillary (3) 1",-22.4481
"X CUR LM10 to LM14, anterior edge of premaxillary (3) 3",9.6502
"Y CUR LM10 to LM14, anterior edge of premaxillary (3) 3",-15.7691
"Z CUR LM10 to LM14, anterior edge of premaxillary (3) 3",-21.5384
"X CUR LM10 to LM14, anterior edge of premaxillary (3) 2",9.8031
"Y CUR LM10 to LM14, anterior edge of premaxillary (3) 2",-15.544
"Z CUR LM10 to LM14, anterior edge of premaxillary (3) 2",-21.6216
"X CUR LM10 to LM14, anterior edge of premaxillary (3) 1",9.9396
"Y CUR LM10 to LM14, anterior edge of premaxillary (3) 1",-15.293
"Z CUR LM10 to LM14, anterior edge of premaxillary (3) 1",-21.7421
"X CUR LM1 to LM2, midline, nasal suture (8) 8",-0.8378
"Y CUR LM1 to LM2, midline, nasal suture (8) 8",-16.9113
"Z CUR LM1 to LM2, midline, nasal suture (8) 8",-26.4832
"X CUR LM1 to LM2, midline, nasal suture (8) 7",0.2717
"Y CUR LM1 to LM2, midline, nasal suture (8) 7",-16.9297
"Z CUR LM1 to LM2, midline, nasal suture (8) 7",-26.2506
"X CUR LM1 to LM2, midline, nasal suture (8) 6",1.3821
"Y CUR LM1 to LM2, midline, nasal suture (8) 6",-16.9149
"Z CUR LM1 to LM2, midline, nasal suture (8) 6",-25.9934
"X CUR LM1 to LM2, midline, nasal suture (8) 5",2.5047
"Y CUR LM1 to LM2, midline, nasal suture (8) 5",-16.9009
"Z CUR LM1 to LM2, midline, nasal suture (8) 5",-25.7005
"X CUR LM1 to LM2, midline, nasal suture (8) 4",3.5812
"Y CUR LM1 to LM2, midline, nasal suture (8) 4",-16.8822
"Z CUR LM1 to LM2, midline, nasal suture (8) 4",-25.4043
"X CUR LM1 to LM2, midline, nasal suture (8) 3",4.6786
"Y CUR LM1 to LM2, midline, nasal suture (8) 3",-16.8146
"Z CUR LM1 to LM2, midline, nasal suture (8) 3",-25.0864
"X CUR LM1 to LM2, midline, nasal suture (8) 2",5.7597
"Y CUR LM1 to LM2, midline, nasal suture (8) 2",-16.7658
"Z CUR LM1 to LM2, midline, nasal suture (8) 2",-24.716
"X CUR LM1 to LM2, midline, nasal suture (8) 1",6.8485
"Y CUR LM1 to LM2, midline, nasal suture (8) 1",-16.698
"Z CUR LM1 to LM2, midline, nasal suture (8) 1",-24.3575
"X CUR LM1 to LM11, anterior nasal (1)",8.4595
"Y CUR LM1 to LM11, anterior nasal (1)",-15.9983
"Z CUR LM1 to LM11, anterior nasal (1)",-24.3632
